{"mean_loss_train": 0.0009187542018480599, "_timestamp": 1661074592.5028203, "_runtime": 21.690000295639038, "_step": 1999, "mean_loss_test": 1.4678009748458862, "mean_accuracy_test": 0.506, "gradients/fc2.bias": {"_type": "histogram", "values": [1.0, 0.0, 0.0, 1.0, 0.0, 0.0, 0.0, 0.0, 0.0, 0.0, 0.0, 0.0, 0.0, 0.0, 0.0, 0.0, 0.0, 0.0, 0.0, 0.0, 0.0, 0.0, 0.0, 0.0, 0.0, 0.0, 0.0, 0.0, 0.0, 0.0, 0.0, 0.0, 1.0, 0.0, 0.0, 0.0, 0.0, 0.0, 0.0, 0.0, 0.0, 0.0, 0.0, 0.0, 0.0, 0.0, 0.0, 0.0, 0.0, 0.0, 0.0, 0.0, 0.0, 1.0, 0.0, 0.0, 0.0, 1.0, 0.0, 0.0, 0.0, 1.0, 0.0, 1.0], "bins": [-9.583619248587638e-05, -9.335821232525632e-05, -9.088023216463625e-05, -8.840225200401619e-05, -8.592427184339613e-05, -8.344629168277606e-05, -8.0968311522156e-05, -7.849033136153594e-05, -7.601235120091587e-05, -7.353437104029581e-05, -7.105639087967575e-05, -6.857841071905568e-05, -6.610043055843562e-05, -6.362245039781556e-05, -6.114447023719549e-05, -5.866649007657543e-05, -5.6188509915955365e-05, -5.37105297553353e-05, -5.123254959471524e-05, -4.8754569434095174e-05, -4.627658927347511e-05, -4.379860911285505e-05, -4.1320628952234983e-05, -3.884264879161492e-05, -3.6364668630994856e-05, -3.388668847037479e-05, -3.140870830975473e-05, -2.8930728149134666e-05, -2.6452747988514602e-05, -2.397476782789454e-05, -2.1496787667274475e-05, -1.901880750665441e-05, -1.6540827346034348e-05, -1.4062847185414284e-05, -1.1584867024794221e-05, -9.106886864174157e-06, -6.628906703554094e-06, -4.15092654293403e-06, -1.6729463823139668e-06, 8.050337783060968e-07, 3.2830139389261603e-06, 5.760994099546224e-06, 8.238974260166287e-06, 1.0716954420786351e-05, 1.3194934581406415e-05, 1.5672914742026478e-05, 1.815089490264654e-05, 2.0628875063266605e-05, 2.310685522388667e-05, 2.5584835384506732e-05, 2.8062815545126796e-05, 3.054079570574686e-05, 3.301877586636692e-05, 3.5496756026986986e-05, 3.797473618760705e-05, 4.0452716348227113e-05, 4.293069650884718e-05, 4.540867666946724e-05, 4.7886656830087304e-05, 5.036463699070737e-05, 5.284261715132743e-05, 5.5320597311947495e-05, 5.779857747256756e-05, 6.027655763318762e-05, 6.275453779380769e-05]}, "gradients/fc2.weight": {"_type": "histogram", "values": [3.0, 2.0, 1.0, 0.0, 4.0, 7.0, 1.0, 4.0, 5.0, 3.0, 5.0, 2.0, 1.0, 1.0, 2.0, 3.0, 3.0, 5.0, 0.0, 10.0, 2.0, 12.0, 11.0, 18.0, 9.0, 13.0, 13.0, 7.0, 4.0, 9.0, 6.0, 3.0, 1.0, 0.0, 0.0, 1.0, 0.0, 5.0, 8.0, 11.0, 13.0, 13.0, 13.0, 13.0, 10.0, 11.0, 7.0, 8.0, 9.0, 10.0, 12.0, 5.0, 7.0, 5.0, 4.0, 3.0, 5.0, 2.0, 0.0, 2.0, 1.0, 1.0, 0.0, 1.0], "bins": [-0.0002061263076029718, -0.00019998247444164008, -0.00019383864128030837, -0.00018769482267089188, -0.00018155098950956017, -0.00017540715634822845, -0.00016926332318689674, -0.00016311949002556503, -0.00015697567141614854, -0.00015083183825481683, -0.00014468800509348512, -0.00013854418648406863, -0.00013240035332273692, -0.0001262565201614052, -0.00012011268700007349, -0.00011396885383874178, -0.00010782502067741007, -0.00010168118751607835, -9.553736163070425e-05, -8.939352846937254e-05, -8.324970258399844e-05, -7.710586942266673e-05, -7.096203626133502e-05, -6.48182031000033e-05, -5.867436993867159e-05, -5.253054041531868e-05, -4.638671089196578e-05, -4.0242877730634063e-05, -3.409904820728116e-05, -2.795521868392825e-05, -2.1811385522596538e-05, -1.5667555999243632e-05, -9.523748303763568e-06, -3.3799178709159605e-06, 2.7639125619316474e-06, 8.907743904273957e-06, 1.5051573427626863e-05, 2.119540295097977e-05, 2.7339236112311482e-05, 3.348306563566439e-05, 3.962688788305968e-05, 4.5770717406412587e-05, 5.191454692976549e-05, 5.8058380091097206e-05, 6.42022059764713e-05, 7.034603913780302e-05, 7.648987229913473e-05, 8.263370546046644e-05, 8.877753862179816e-05, 9.492137178312987e-05, 0.00010106519766850397, 0.00010720903082983568, 0.00011335285671520978, 0.0001194966898765415, 0.0001256405230378732, 0.00013178435619920492, 0.0001379281748086214, 0.00014407200796995312, 0.00015021584113128483, 0.00015635965974070132, 0.00016250349290203303, 0.00016864732606336474, 0.00017479115922469646, 0.00018093499238602817, 0.00018707882554735988]}, "gradients/fc1.bias": {"_type": "histogram", "values": [4.0, 0.0, 0.0, 0.0, 0.0, 0.0, 0.0, 0.0, 0.0, 0.0, 1.0, 2.0, 1.0, 1.0, 1.0, 0.0, 0.0, 1.0, 0.0, 0.0, 2.0, 0.0, 0.0, 1.0, 0.0, 2.0, 1.0, 2.0, 0.0, 3.0, 0.0, 1.0, 2.0, 0.0, 2.0, 1.0, 0.0, 3.0, 2.0, 2.0, 1.0, 2.0, 0.0, 1.0, 1.0, 0.0, 0.0, 1.0, 0.0, 0.0, 0.0, 0.0, 2.0, 0.0, 3.0, 0.0, 1.0, 1.0, 0.0, 0.0, 1.0, 0.0, 0.0, 1.0], "bins": [-0.00012673238234128803, -0.0001251675421372056, -0.00012360270193312317, -0.00012203786172904074, -0.00012047302880091593, -0.0001189081885968335, -0.00011734334839275107, -0.00011577850818866864, -0.00011421366798458621, -0.00011264882778050378, -0.00011108398757642135, -0.00010951915464829654, -0.0001079543144442141, -0.00010638947424013168, -0.00010482463403604925, -0.00010325979383196682, -0.00010169495362788439, -0.00010013011342380196, -9.856527321971953e-05, -9.70004330156371e-05, -9.543560008751228e-05, -9.387075988342986e-05, -9.230591967934743e-05, -9.0741079475265e-05, -8.917624654714018e-05, -8.761140634305775e-05, -8.604656613897532e-05, -8.448172593489289e-05, -8.291689300676808e-05, -8.135205280268565e-05, -7.978721259860322e-05, -7.822237239452079e-05, -7.665753946639597e-05, -7.509269926231354e-05, -7.352785905823112e-05, -7.196301885414869e-05, -7.039818592602387e-05, -6.883334572194144e-05, -6.726850551785901e-05, -6.570366531377658e-05, -6.413881783373654e-05, -6.257397762965411e-05, -6.100914106355049e-05, -5.944430085946806e-05, -5.787946065538563e-05, -5.6314624089282006e-05, -5.474978388519958e-05, -5.318494368111715e-05, -5.162011075299233e-05, -5.00552705489099e-05, -4.849043398280628e-05, -4.692559377872385e-05, -4.536075357464142e-05, -4.37959170085378e-05, -4.223107680445537e-05, -4.066623660037294e-05, -3.910139639629051e-05, -3.753655619220808e-05, -3.597171962610446e-05, -3.440687942202203e-05, -3.28420392179396e-05, -3.127720265183598e-05, -2.971236244775355e-05, -2.814752224367112e-05, -2.6582685677567497e-05]}, "gradients/fc1.weight": {"_type": "histogram", "values": [1.0, 0.0, 0.0, 0.0, 1.0, 0.0, 0.0, 2.0, 2.0, 3.0, 2.0, 6.0, 3.0, 1.0, 8.0, 3.0, 5.0, 6.0, 5.0, 5.0, 7.0, 12.0, 9.0, 14.0, 8.0, 29.0, 52.0, 62.0, 94.0, 107.0, 92.0, 128.0, 219.0, 452.0, 1634.0, 18152.0, 49415.0, 836.0, 129.0, 39.0, 33.0, 16.0, 21.0, 8.0, 4.0, 13.0, 2.0, 2.0, 4.0, 1.0, 0.0, 0.0, 0.0, 0.0, 0.0, 0.0, 1.0, 0.0, 0.0, 0.0, 0.0, 0.0, 0.0, 2.0],