{"mean_loss_train": 0.5145056843757629, "_timestamp": 1661075306.8035083, "_runtime": 17.501999378204346, "_step": 399, "mean_loss_test": 0.7762864828109741, "mean_accuracy_test": 0.758, "gradients/conv2.bias": {"_type": "histogram", "values": [1.0, 0.0, 0.0, 0.0, 0.0, 0.0, 0.0, 0.0, 0.0, 0.0, 0.0, 0.0, 0.0, 0.0, 0.0, 0.0, 0.0, 0.0, 0.0, 0.0, 0.0, 1.0, 0.0, 0.0, 0.0, 0.0, 0.0, 0.0, 0.0, 0.0, 0.0, 0.0, 0.0, 0.0, 0.0, 0.0, 0.0, 0.0, 0.0, 0.0, 0.0, 0.0, 0.0, 0.0, 0.0, 0.0, 0.0, 0.0, 0.0, 0.0, 0.0, 0.0, 0.0, 0.0, 0.0, 0.0, 0.0, 0.0, 0.0, 0.0, 0.0, 0.0, 0.0, 1.0], "bins": [-0.0028353072702884674, -0.0027354308404028416, -0.0026355544105172157, -0.0025356782134622335, -0.0024358017835766077, -0.002335925353690982, -0.0022360491566359997, -0.002136172726750374, -0.002036296296864748, -0.0019364198669791222, -0.0018365435535088181, -0.0017366672400385141, -0.0016367908101528883, -0.0015369143802672625, -0.0014370380667969584, -0.0013371617533266544, -0.0012372853234410286, -0.0011374088935554028, -0.0010375325800850987, -0.0009376562084071338, -0.0008377798367291689, -0.000737903465051204, -0.000638027093373239, -0.0005381507216952741, -0.0004382743500173092, -0.00033839797833934426, -0.00023852160666137934, -0.0001386452349834144, -3.8768863305449486e-05, 6.110750837251544e-05, 0.00016098388005048037, 0.0002608602517284453, 0.0003607366234064102, 0.00046061299508437514, 0.0005604893667623401, 0.000660365738440305, 0.0007602421101182699, 0.0008601184817962348, 0.0009599948534741998, 0.0010598711669445038, 0.0011597475968301296, 0.0012596240267157555, 0.0013595003401860595, 0.0014593766536563635, 0.0015592530835419893, 0.0016591295134276152, 0.0017590058268979192, 0.0018588821403682232, 0.001958758570253849, 0.002058635000139475, 0.0021585114300251007, 0.002258387627080083, 0.0023582640569657087, 0.0024581404868513346, 0.0025580166839063168, 0.0026578931137919426, 0.0027577695436775684, 0.0028576459735631943, 0.00295752240344882, 0.0030573986005038023, 0.003157275030389428, 0.003257151460275054, 0.003357027657330036, 0.003456904087215662, 0.003556780517101288]}, "gradients/conv2.lin.weight": {"_type": "histogram", "values": [1.0, 0.0, 0.0, 0.0, 0.0, 0.0, 1.0, 0.0, 2.0, 4.0, 1.0, 1.0, 0.0, 0.0, 0.0, 0.0, 1.0, 1.0, 1.0, 0.0, 0.0, 0.0, 0.0, 3.0, 1.0, 0.0, 0.0, 0.0, 0.0, 0.0, 0.0, 0.0, 0.0, 1.0, 0.0, 1.0, 0.0, 0.0, 0.0, 1.0, 0.0, 1.0, 2.0, 3.0, 1.0, 3.0, 1.0, 0.0, 2.0, 0.0, 0.0, 0.0, 0.0, 0.0, 3.0, 1.0, 1.0, 0.0, 0.0, 0.0, 0.0, 0.0, 0.0, 1.0], "bins": [-0.03178111091256142, -0.03079795464873314, -0.02981479838490486, -0.028831642121076584, -0.027848485857248306, -0.02686532959342003, -0.0258821751922369, -0.024899018928408623, -0.023915862664580345, -0.022932706400752068, -0.02194955013692379, -0.020966393873095512, -0.019983239471912384, -0.019000083208084106, -0.01801692694425583, -0.01703377068042755, -0.016050614416599274, -0.015067458152770996, -0.014084301888942719, -0.013101146556437016, -0.012117990292608738, -0.01113483402878046, -0.010151678696274757, -0.00916852243244648, -0.008185366168618202, -0.007202209904789925, -0.006219054106622934, -0.005235898308455944, -0.0042527420446276665, -0.003269585780799389, -0.0022864299826323986, -0.0013032741844654083, -0.0003201216459274292, 0.0006630343850702047, 0.0016461904160678387, 0.0026293464470654726, 0.0036125024780631065, 0.004595658741891384, 0.005578814540058374, 0.006561970338225365, 0.007545126602053642, 0.00852828286588192, 0.009511439129710197, 0.0104945944622159, 0.011477750726044178, 0.012460906989872456, 0.013444062322378159, 0.014427218586206436, 0.015410374850034714, 0.01639353111386299, 0.01737668737769127, 0.018359843641519547, 0.019342999905347824, 0.0203261561691761, 0.02130931057035923, 0.022292466834187508, 0.023275623098015785, 0.024258779361844063, 0.02524193562567234, 0.026225091889500618, 0.027208246290683746, 0.028191402554512024, 0.0291745588183403, 0.03015771508216858, 0.031140871345996857]}, "gradients/conv1.bias": {"_type": "histogram", "values": [1.0, 0.0, 0.0, 1.0, 0.0, 0.0, 0.0, 0.0, 1.0, 0.0, 0.0, 0.0, 0.0, 0.0, 0.0, 0.0, 0.0, 0.0, 0.0, 0.0, 0.0, 1.0, 0.0, 1.0, 0.0, 0.0, 1.0, 0.0, 0.0, 1.0, 0.0, 0.0, 0.0, 0.0, 0.0, 0.0, 0.0, 0.0, 0.0, 0.0, 0.0, 0.0, 0.0, 0.0, 1.0, 0.0, 0.0, 0.0, 0.0, 1.0, 0.0, 0.0, 0.0, 1.0, 0.0, 0.0, 1.0, 0.0, 0.0, 0.0, 0.0, 0.0, 0.0, 2.0], "bins": [-0.020113885402679443, -0.019834131002426147, -0.01955437660217285, -0.019274620339274406, -0.01899486593902111, -0.018715111538767815, -0.01843535713851452, -0.018155602738261223, -0.017875846475362778, -0.017596092075109482, -0.017316337674856186, -0.01703658141195774, -0.016756827011704445, -0.01647707261145115, -0.016197318211197853, -0.015917563810944557, -0.01563780941069126, -0.015358055010437965, -0.015078299678862095, -0.014798545278608799, -0.014518789947032928, -0.014239035546779633, -0.013959281146526337, -0.013679525814950466, -0.013399770483374596, -0.0131200160831213, -0.01284026075154543, -0.012560506351292133, -0.012280751019716263, -0.012000996619462967, -0.011721242219209671, -0.0114414868876338, -0.011161732487380505, -0.010881978087127209, -0.010602222755551338, -0.010322468355298042, -0.010042713023722172, -0.009762958623468876, -0.009483203291893005, -0.00920344889163971, -0.008923694491386414, -0.008643940091133118, -0.008364184759557247, -0.008084430359303951, -0.007804675493389368, -0.007524920627474785, -0.007245165761560202, -0.0069654108956456184, -0.006685656029731035, -0.006405901163816452, -0.006126146297901869, -0.005846391431987286, -0.00556663703173399, -0.0052868821658194065, -0.005007127299904823, -0.004727372899651527, -0.004447617568075657, -0.004167862702161074, -0.003888108069077134, -0.003608353203162551, -0.0033285985700786114, -0.003048843704164028, -0.002769088838249445, -0.0024893342051655054, -0.002209579572081566]}, "gradients/conv1.lin.weight": {"_type": "histogram", "values": [1.0, 0.0, 0.0, 0.0, 0.0, 1.0, 1.0, 0.0, 0.0, 0.0, 0.0, 0.0, 0.0, 0.0, 0.0, 0.0, 0.0, 1.0, 1.0, 3.0, 2.0, 1.0, 3.0, 7.0, 4.0, 15.0, 21.0, 19.0, 35.0, 67.0, 106.0, 202.0, 444.0, 945.0, 1689.0, 1623.0, 724.0, 312.0, 125.0, 70.0, 31.0, 14.0, 12.0, 8.0, 3.0, 2.0, 4.0, 0.0, 0.0, 0.0, 0.0, 1.0, 0.0, 0.0, 0.0, 1.0, 0.0, 0.0, 0.0, 1.0, 0.0, 0.0, 0.0, 1.0], "bins": [-0.006591010373085737, -0.006403221283107996, -0.006215432658791542, -0.006027643568813801, -0.00583985447883606, -0.005652065854519606, -0.005464276764541864, -0.0052764881402254105, -0.005088699050247669, -0.004900909960269928, -0.004713121335953474, -0.004525332245975733, -0.004337543621659279, -0.004149754531681538, -0.003961965441703796, -0.003774176584556699, -0.003586387727409601, -0.0033985988702625036, -0.003210810013115406, -0.003023020923137665, -0.002835232065990567, -0.0026474432088434696, -0.0024596541188657284, -0.002271865261718631, -0.002084076404571533, -0.0018962875474244356, -0.0017084985738620162, -0.0015207096002995968, -0.0013329207431524992, -0.0011451318860054016, -0.0009573429124429822, -0.0007695539388805628, -0.0005817655473947525, -0.000393976632039994, -0.0002061877166852355, -1.8398801330477e-05, 0.0001693901140242815, 0.00035717902937904, 0.0005449679447337985, 0.0007327569182962179, 0.0009205457754433155, 0.001108334632590413, 0.0012961236061528325, 0.001483912579715252, 0.0016717014368623495, 0.001859490294009447, 0.0020472793839871883, 0.002235068241134286, 0.0024228570982813835, 0.002610645955428481, 0.0027984348125755787, 0.00298622390255332, 0.0031740127597004175, 0.003361801616847515, 0.0035495907068252563, 0.003737379563972354, 0.0039251684211194515, 0.004112957511097193, 0.004300746135413647, 0.004488535225391388, 0.004676324315369129, 0.004864112939685583, 0.005051902029663324, 0.005239690653979778, 0.0054274797439575195]}, "_wandb": {"runtime": 16}}