{"mean_loss_test": 0.5667262077331543, "mean_accuracy_test": 87.73638153076172, "_timestamp": 1661073209.2718678, "_runtime": 86.32700371742249, "_step": 999, "gradients/conv2.bias": {"_type": "histogram", "values": [1.0, 0.0, 0.0, 0.0, 3.0, 0.0, 0.0, 0.0, 0.0, 0.0, 0.0, 0.0, 0.0, 0.0, 1.0, 1.0, 4.0, 1.0, 2.0, 0.0, 1.0, 3.0, 3.0, 1.0, 1.0, 1.0, 3.0, 1.0, 0.0, 2.0, 2.0, 1.0, 1.0, 2.0, 0.0, 0.0, 0.0, 4.0, 1.0, 1.0, 4.0, 4.0, 2.0, 1.0, 5.0, 4.0, 3.0, 9.0, 6.0, 6.0, 1.0, 2.0, 5.0, 5.0, 5.0, 0.0, 7.0, 4.0, 2.0, 3.0, 1.0, 0.0, 0.0, 1.0], "bins": [-0.00011888937297044322, -0.00011099937546532601, -0.00010310938523616642, -9.521939500700682e-05, -8.732939750188962e-05, -7.943939999677241e-05, -7.154940976761281e-05, -6.365941953845322e-05, -5.5769422033336014e-05, -4.787942816619761e-05, -3.998943429905921e-05, -3.209944043192081e-05, -2.420944656478241e-05, -1.631945269764401e-05, -8.42945883050561e-06, -5.394649633672088e-07, 7.350528903771192e-06, 1.5240522770909593e-05, 2.3130516638047993e-05, 3.1020510505186394e-05, 3.8910504372324795e-05, 4.6800498239463195e-05, 5.4690492106601596e-05, 6.258048233576119e-05, 7.04704798408784e-05, 7.83604773459956e-05, 8.62504675751552e-05, 9.414045780431479e-05, 0.000102030455309432, 0.00010992045281454921, 0.0001178104430437088, 0.0001257004332728684, 0.000133590423502028, 0.00014148041373118758, 0.00014937040396034718, 0.000157260408741422, 0.0001651503989705816, 0.00017304038919974118, 0.000180930393980816, 0.0001888203842099756, 0.0001967103744391352, 0.0002046003646682948, 0.00021249035489745438, 0.0002203803596785292, 0.0002282703499076888, 0.0002361603401368484, 0.0002440503449179232, 0.0002519403351470828, 0.0002598303253762424, 0.000267720315605402, 0.0002756103058345616, 0.0002835002960637212, 0.0002913902862928808, 0.0002992803056258708, 0.0003071702958550304, 0.00031506028608419, 0.0003229502763133496, 0.0003308402665425092, 0.0003387302567716688, 0.0003466202470008284, 0.00035451026633381844, 0.00036240025656297803, 0.0003702902467921376, 0.0003781802370212972, 0.0003860702272504568]}, "gradients/conv2.lin.weight": {"_type": "histogram", "values": [1.0, 0.0, 1.0, 0.0, 0.0, 0.0, 0.0, 0.0, 0.0, 0.0, 1.0, 0.0, 1.0, 0.0, 3.0, 0.0, 1.0, 2.0, 4.0, 1.0, 1.0, 0.0, 0.0, 3.0, 3.0, 4.0, 5.0, 8.0, 7.0, 11.0, 11.0, 7.0, 12.0, 15.0, 23.0, 27.0, 22.0, 41.0, 54.0, 59.0, 100.0, 112.0, 153.0, 165.0, 168.0, 121.0, 101.0, 82.0, 62.0, 47.0, 36.0, 26.0, 20.0, 17.0, 14.0, 8.0, 5.0, 1.0, 2.0, 2.0, 2.0, 0.0, 0.0, 1.0], "bins": [-0.0002560871362220496, -0.0002501708222553134, -0.0002442545082885772, -0.000238338194321841, -0.00023242189490702003, -0.00022650558094028383, -0.00022058926697354764, -0.00021467295300681144, -0.00020875665359199047, -0.00020284033962525427, -0.00019692402565851808, -0.00019100771169178188, -0.0001850914122769609, -0.0001791750983102247, -0.00017325878434348851, -0.00016734247037675232, -0.00016142615641001612, -0.00015550984244327992, -0.00014959352847654372, -0.00014367722906172276, -0.00013776091509498656, -0.00013184460112825036, -0.00012592828716151416, -0.00012001197319477797, -0.00011409565922804177, -0.00010817934526130557, -0.00010226303857052699, -9.634672460379079e-05, -9.04304179130122e-05, -8.451410394627601e-05, -7.859778997953981e-05, -7.268147601280361e-05, -6.676519114989787e-05, -6.084888082114048e-05, -5.493257049238309e-05, -4.9016256525646895e-05, -4.3099946196889505e-05, -3.7183635868132114e-05, -3.126732190139592e-05, -2.5351011572638527e-05, -1.943470851983875e-05, -1.3518397281586658e-05, -7.602086043334566e-06, -1.6857738955877721e-06, 4.230536433169618e-06, 1.0146846761927009e-05, 1.6063160728663206e-05, 2.1979471057420596e-05, 2.78957886621356e-05, 3.381209899089299e-05, 3.972840931965038e-05, 4.564472328638658e-05, 5.156103361514397e-05, 5.747734394390136e-05, 6.339365791063756e-05, 6.930997187737375e-05, 7.522627856815234e-05, 8.114259253488854e-05, 8.705889922566712e-05, 9.297521319240332e-05, 9.889152715913951e-05, 0.0001048078338499181, 0.0001107241478166543, 0.00011664045450743288, 0.00012255676847416908]}, "gradients/conv1.bias": {"_type": "histogram", "values": [1.0, 0.0, 0.0, 0.0, 0.0, 0.0, 0.0, 0.0, 0.0, 0.0, 0.0, 0.0, 1.0, 0.0, 0.0, 0.0, 0.0, 0.0, 0.0, 0.0, 0.0, 0.0, 1.0, 0.0, 0.0, 0.0, 0.0, 0.0, 0.0, 0.0, 0.0, 0.0, 0.0, 0.0, 0.0, 0.0, 0.0, 0.0, 0.0, 0.0, 0.0, 1.0, 0.0, 0.0, 0.0, 0.0, 1.0, 0.0, 0.0, 0.0, 0.0, 0.0, 1.0, 0.0, 0.0, 0.0, 1.0, 1.0, 0.0, 2.0, 1.0, 0.0, 1.0, 1.0], "bins": [-0.0013367168139666319, -0.0013074346352368593, -0.001278152340091765, -0.0012488701613619924, -0.0012195879826322198, -0.0011903056874871254, -0.0011610235087573528, -0.0011317413300275803, -0.0011024590348824859, -0.0010731768561527133, -0.001043894561007619, -0.0010146123822778463, -0.0009853302035480738, -0.0009560479084029794, -0.0009267657296732068, -0.0008974834927357733, -0.0008682013140060008, -0.0008389190770685673, -0.0008096368983387947, -0.0007803546614013612, -0.0007510724244639277, -0.0007217902457341552, -0.0006925080087967217, -0.0006632257718592882, -0.0006339435931295156, -0.0006046613561920822, -0.0005753791774623096, -0.0005460969405248761, -0.0005168147035874426, -0.0004875324957538396, -0.0004582502879202366, -0.0004289680509828031, -0.0003996858140453696, -0.0003704036062117666, -0.0003411213692743331, -0.0003118391614407301, -0.0002825569245032966, -0.0002532747166696936, -0.00022399250883609056, -0.0001947102864505723, -0.0001654280349612236, -0.00013614581257570535, -0.00010686359746614471, -7.758138235658407e-05, -4.829915997106582e-05, -1.9016937585547566e-05, 1.0265270248055458e-05, 3.954749263357371e-05, 6.882968591526151e-05, 9.811190830077976e-05, 0.000127394130686298, 0.00015667633851990104, 0.0001859585609054193, 0.00021524078329093754, 0.00024452299112454057, 0.00027380522806197405, 0.0003030874358955771, 0.0003323696437291801, 0.0003616518806666136, 0.0003909340885002166, 0.00042021629633381963, 0.0004494985332712531, 0.00047878074110485613, 0.0005080629489384592, 0.0005373451858758926]}, "gradients/conv1.lin.weight": {"_type": "histogram", "values": [1.0, 0.0, 0.0, 0.0, 0.0, 0.0, 0.0, 0.0, 0.0, 0.0, 0.0, 0.0, 0.0, 0.0, 1.0, 1.0, 1.0, 4.0, 0.0, 0.0, 2.0, 1.0, 3.0, 3.0, 1.0, 4.0, 5.0, 10.0, 11.0, 18.0, 21.0, 24.0, 24.0, 41.0, 45.0, 56.0, 79.0, 87.0, 47.0, 48.0, 29.0, 28.0, 18.0, 18.0, 4.0, 3.0, 2.0, 3.0, 3.0, 0.0, 1.0, 0.0, 0.0, 1.0, 1.0, 0.0, 0.0, 0.0, 0.0, 0.0, 0.0, 0.0, 0.0, 1.0], "bins": [-0.00037178947241045535, -0.00036168080987408757, -0.0003515721473377198, -0.000341463484801352, -0.00033135482226498425, -0.0003212461597286165, -0.0003111374971922487, -0.00030102883465588093, -0.0002909201430156827, -0.0002808114804793149, -0.00027070281794294715, -0.0002605941554065794, -0.0002504854928702116, -0.00024037683033384383, -0.00023026815324556082, -0.00022015949070919305, -0.0002100508427247405, -0.00019994218018837273, -0.00018983351765200496, -0.00017972485511563718, -0.0001696161925792694, -0.00015950753004290164, -0.00014939885295461863, -0.00013929019041825086, -0.00012918152788188308, -0.00011907286534551531, -0.00010896420280914754, -9.885553299682215e-05, -8.874687046045437e-05, -7.86382079240866e-05, -6.852953811176121e-05, -5.842087557539344e-05, -4.831224214285612e-05, -3.820357960648835e-05, -2.8094913432141766e-05, -1.798624907678459e-05, -7.87758472142741e-06, 2.231077814940363e-06, 1.2339743989286944e-05, 2.2448410163633525e-05, 3.25570727000013e-05, 4.2665735236369073e-05, 5.2774401410715654e-05, 6.288306758506224e-05, 7.299173012143001e-05, 8.310039265779778e-05, 9.320906247012317e-05, 0.00010331772500649095, 0.00011342638754285872, 0.0001235350500792265, 0.00013364371261559427, 0.00014375237515196204, 0.00015386103768832982, 0.0001639697002246976, 0.0001740783773129806, 0.00018418703984934837, 0.00019429570238571614, 0.00020440436492208391, 0.0002145130274584517, 0.00022462168999481946, 0.00023473036708310246, 0.00024483902961947024, 0.000254947692155838, 0.0002650563546922058, 0.00027516501722857356]},