{"mean_loss_train": 0.5335471630096436, "_timestamp": 1661074691.9120333, "_runtime": 5.793000221252441, "_step": 399, "mean_loss_test": 0.5740662217140198, "mean_accuracy_test": 86.5315933227539, "gradients/fc2.bias": {"_type": "histogram", "values": [1.0, 1.0, 1.0, 0.0, 2.0, 0.0, 1.0, 2.0, 3.0, 4.0, 3.0, 5.0, 3.0, 4.0, 2.0, 4.0, 4.0, 8.0, 10.0, 11.0, 2.0, 10.0, 6.0, 1.0, 4.0, 3.0, 6.0, 2.0, 2.0, 2.0, 3.0, 2.0, 1.0, 1.0, 0.0, 2.0, 0.0, 0.0, 1.0, 1.0, 0.0, 0.0, 0.0, 0.0, 0.0, 0.0, 0.0, 0.0, 0.0, 0.0, 0.0, 0.0, 0.0, 0.0, 0.0, 0.0, 1.0, 0.0, 0.0, 0.0, 0.0, 1.0, 0.0, 1.0], "bins": [-7.618669769726694e-05, -7.358901348197833e-05, -7.099133654264733e-05, -6.839365232735872e-05, -6.579597538802773e-05, -6.319829117273912e-05, -6.0600610595429316e-05, -5.8002930018119514e-05, -5.5405245802830905e-05, -5.28075652255211e-05, -5.02098846482113e-05, -4.761220043292269e-05, -4.501451985561289e-05, -4.241683927830309e-05, -3.9819158700993285e-05, -3.722147812368348e-05, -3.462379754637368e-05, -3.202611696906388e-05, -2.9428434572764672e-05, -2.683075399545487e-05, -2.4233071599155664e-05, -2.1635391021845862e-05, -1.903771044453606e-05, -1.6440028048236854e-05, -1.3842349289916456e-05, -1.1244667803111952e-05, -8.646986316307448e-06, -6.049305738997646e-06, -3.4516242521931417e-06, -8.539427653886378e-07, 1.7437378119211644e-06, 4.34142020822037e-06, 6.939102604519576e-06, 9.53678409132408e-06, 1.2134465578128584e-05, 1.4732146155438386e-05, 1.732982855173759e-05, 1.9927509129047394e-05, 2.2525189706357196e-05, 2.51228721026564e-05, 2.7720554498955607e-05, 3.031823507626541e-05, 3.291591565357521e-05, 3.551359986886382e-05, 3.811128044617362e-05, 4.0708961023483425e-05, 4.330664160079323e-05, 4.590432217810303e-05, 4.850200275541283e-05, 5.1099683332722634e-05, 5.3697363910032436e-05, 5.629504448734224e-05, 5.889272870263085e-05, 6.149041291791946e-05, 6.408808985725045e-05, 6.668577407253906e-05, 6.928345101187006e-05, 7.188113522715867e-05, 7.447881216648966e-05, 7.707649638177827e-05, 7.967417332110927e-05, 8.227185753639787e-05, 8.486953447572887e-05, 8.746721869101748e-05, 9.006490290630609e-05]}, "gradients/fc2.weight": {"_type": "histogram", "values": [1.0, 0.0, 1.0, 2.0, 0.0, 0.0, 0.0, 2.0, 4.0, 5.0, 3.0, 2.0, 6.0, 9.0, 9.0, 25.0, 17.0, 20.0, 19.0, 23.0, 43.0, 53.0, 56.0, 58.0, 89.0, 93.0, 138.0, 131.0, 174.0, 210.0, 244.0, 287.0, 348.0, 374.0, 423.0, 424.0, 424.0, 397.0, 329.0, 301.0, 267.0, 184.0, 176.0, 127.0, 117.0, 108.0, 83.0, 57.0, 49.0, 31.0, 21.0, 22.0, 19.0, 16.0, 8.0, 7.0, 5.0, 4.0, 2.0, 1.0, 0.0, 1.0, 0.0, 1.0], "bins": [-0.00017972642672248185, -0.0001745713088894263, -0.00016941619105637074, -0.0001642610877752304, -0.00015910596994217485, -0.0001539508521091193, -0.00014879574882797897, -0.0001436406309949234, -0.00013848551316186786, -0.0001333303953288123, -0.00012817527749575675, -0.00012302017421461642, -0.00011786505638156086, -0.0001127099385485053, -0.00010755482799140736, -0.00010239971743430942, -9.724459960125387e-05, -9.208948176819831e-05, -8.693437121110037e-05, -8.177926065400243e-05, -7.662414282094687e-05, -7.146902498789132e-05, -6.631391443079337e-05, -6.115880387369543e-05, -5.600368604063988e-05, -5.084857184556313e-05, -4.569345765048638e-05, -4.053834345540963e-05, -3.538322926033288e-05, -3.0228115065256134e-05, -2.5073000870179385e-05, -1.9917886675102636e-05, -1.4762787031941116e-05, -9.607672836864367e-06, -4.452558641787618e-06, 7.025555532891303e-07, 5.857669748365879e-06, 1.1012783943442628e-05, 1.6167898138519377e-05, 2.1323012333596125e-05, 2.6478126528672874e-05, 3.163324072374962e-05, 3.678835491882637e-05, 4.194346911390312e-05, 4.709858330897987e-05, 5.225369750405662e-05, 5.7408811699133366e-05, 6.256392225623131e-05, 6.771904008928686e-05, 7.287415792234242e-05, 7.802926847944036e-05, 8.31843790365383e-05, 8.833949686959386e-05, 9.349461470264941e-05, 9.864972525974736e-05, 0.0001038048358168453, 0.00010895995364990085, 0.00011411507148295641, 0.00011927018204005435, 0.0001244252925971523, 0.00012958041043020785, 0.0001347355282632634, 0.00013989064609631896, 0.0001450457493774593, 0.00015020086721051484]}, "gradients/fc1.bias": {"_type": "histogram", "values": [1.0, 0.0, 0.0, 1.0, 0.0, 0.0, 0.0, 0.0, 0.0, 1.0, 0.0, 0.0, 0.0, 0.0, 0.0, 0.0, 0.0, 0.0, 0.0, 1.0, 0.0, 0.0, 1.0, 0.0, 0.0, 1.0, 1.0, 2.0, 5.0, 2.0, 2.0, 1.0, 4.0, 0.0, 5.0, 2.0, 1.0, 2.0, 1.0, 0.0, 1.0, 2.0, 4.0, 1.0, 0.0, 1.0, 2.0, 0.0, 0.0, 1.0, 0.0, 0.0, 0.0, 1.0, 1.0, 0.0, 0.0, 0.0, 0.0, 0.0, 0.0, 0.0, 1.0, 1.0], "bins": [-0.0001954339095391333, -0.0001898287155199796, -0.00018422352150082588, -0.00017861832748167217, -0.00017301313346251845, -0.00016740793944336474, -0.00016180274542421103, -0.0001561975514050573, -0.0001505923573859036, -0.00014498716336674988, -0.00013938196934759617, -0.00013377677532844245, -0.00012817158130928874, -0.00012256638729013503, -0.0001169611859950237, -0.00011135599197586998, -0.00010575079068075866, -0.00010014559666160494, -9.454040264245123e-05, -8.893520862329751e-05, -8.33300146041438e-05, -7.772482058499008e-05, -7.211961928987876e-05, -6.651442527072504e-05, -6.090922397561371e-05, -5.530402995646e-05, -4.9698835937306285e-05, -4.4093638280173764e-05, -3.848844426102005e-05, -3.2883250241866335e-05, -2.7278052584733814e-05, -2.16728585655801e-05, -1.606765727046877e-05, -1.0462462341820356e-05, -4.8572674131719396e-06, 7.479284249711782e-07, 6.353122444124892e-06, 1.1958316463278607e-05, 1.7563514120411128e-05, 2.3168708139564842e-05, 2.8773894882760942e-05, 3.4379088901914656e-05, 3.998428292106837e-05, 4.558948057820089e-05, 5.1194674597354606e-05, 5.679986861650832e-05, 6.240506627364084e-05, 6.801026029279456e-05, 7.361546158790588e-05, 7.92206556070596e-05, 8.482584962621331e-05, 9.043104364536703e-05, 9.603623766452074e-05, 0.00010164143168367445, 0.00010724663297878578, 0.0001128518269979395, 0.00011845702101709321, 0.00012406222231220454, 0.00012966741633135825, 0.00013527261035051197, 0.00014087780436966568, 0.0001464829983888194, 0.0001520881924079731, 0.00015769338642712682, 0.00016329858044628054]}, "gradients/fc1.weight": {"_type": "histogram", "values": [1.0, 2.0, 0.0, 0.0, 0.0, 0.0, 2.0, 1.0, 3.0, 3.0, 5.0, 4.0, 2.0, 6.0, 8.0, 13.0, 10.0, 23.0, 21.0, 33.0, 26.0, 39.0, 48.0, 83.0, 99.0, 117.0, 163.0, 306.0, 610.0, 186.0, 137.0, 102.0, 83.0, 66.0, 68.0, 50.0, 42.0, 28.0, 23.0, 14.0, 17.0, 9.0, 9.0, 6.0, 4.0, 6.0, 5.0, 1.0, 2.0, 2.0, 4.0, 0.0, 1.0, 1.0, 1.0, 2.0, 0.0, 0.0, 0.0, 0.0, 2.0, 0.0, 0.0, 1.0],