{"mean_loss_train": 0.059724435210227966, "_timestamp": 1661074739.144033, "_runtime": 9.178997993469238, "_step": 399, "mean_loss_test": 1.160691261291504, "mean_accuracy_test": 0.63, "gradients/conv2.bias": {"_type": "histogram", "values": [1.0, 0.0, 0.0, 0.0, 0.0, 0.0, 0.0, 0.0, 0.0, 0.0, 0.0, 0.0, 0.0, 0.0, 0.0, 0.0, 0.0, 0.0, 0.0, 0.0, 0.0, 0.0, 0.0, 0.0, 0.0, 0.0, 0.0, 0.0, 0.0, 0.0, 0.0, 0.0, 0.0, 1.0, 0.0, 0.0, 0.0, 0.0, 1.0, 0.0, 0.0, 0.0, 0.0, 0.0, 0.0, 0.0, 0.0, 0.0, 0.0, 1.0, 0.0, 0.0, 0.0, 0.0, 0.0, 0.0, 0.0, 1.0, 0.0, 0.0, 0.0, 0.0, 0.0, 1.0], "bins": [-0.010351952165365219, -0.010095911100506783, -0.009839869104325771, -0.009583828039467335, -0.009327786043286324, -0.009071744978427887, -0.008815702982246876, -0.00855966191738844, -0.008303619921207428, -0.008047578856348991, -0.00779153686016798, -0.007535495329648256, -0.007279453799128532, -0.0070234122686088085, -0.006767370738089085, -0.006511329673230648, -0.006255288142710924, -0.0059992466121912, -0.005743205081671476, -0.0054871635511517525, -0.005231122020632029, -0.004975080490112305, -0.004719039425253868, -0.004462997429072857, -0.00420695636421442, -0.003950914833694696, -0.0036948733031749725, -0.0034388317726552486, -0.0031827902421355247, -0.002926748711615801, -0.0026707074139267206, -0.0024146658834069967, -0.002158624120056629, -0.0019025825895369053, -0.0016465410590171814, -0.0013904996449127793, -0.0011344581143930554, -0.0008784165838733315, -0.0006223751697689295, -0.0003663336392492056, -0.00011029187589883804, 0.0001457496255170554, 0.00040179112693294883, 0.0006578325992450118, 0.0009138741297647357, 0.0011699156602844596, 0.0014259570743888617, 0.0016819986049085855, 0.0019380399025976658, 0.0021940814331173897, 0.0024501229636371136, 0.0027061644941568375, 0.0029622060246765614, 0.0032182475551962852, 0.0034742888528853655, 0.0037303303834050894, 0.00398637168109417, 0.0042424132116138935, 0.004498454742133617, 0.004754496272653341, 0.005010537803173065, 0.005266579333692789, 0.005522620864212513, 0.0057786619290709496, 0.006034703925251961]}, "gradients/conv2.lin.weight": {"_type": "histogram", "values": [1.0, 0.0, 0.0, 0.0, 0.0, 0.0, 0.0, 0.0, 0.0, 0.0, 1.0, 0.0, 0.0, 0.0, 0.0, 1.0, 0.0, 0.0, 0.0, 0.0, 0.0, 0.0, 0.0, 0.0, 0.0, 0.0, 0.0, 0.0, 0.0, 0.0, 1.0, 0.0, 3.0, 0.0, 2.0, 2.0, 4.0, 6.0, 1.0, 4.0, 1.0, 4.0, 0.0, 6.0, 6.0, 12.0, 9.0, 2.0, 4.0, 2.0, 1.0, 1.0, 0.0, 0.0, 0.0, 0.0, 1.0, 1.0, 1.0, 0.0, 0.0, 0.0, 0.0, 1.0], "bins": [-0.04561176151037216, -0.04452885687351227, -0.04344595596194267, -0.04236305132508278, -0.041280150413513184, -0.04019724577665329, -0.039114341139793396, -0.0380314402282238, -0.03694853559136391, -0.03586563095450401, -0.03478273004293442, -0.033699825406074524, -0.03261692076921463, -0.031534019857645035, -0.03045111522078514, -0.029368212446570396, -0.028285309672355652, -0.027202406898140907, -0.026119504123926163, -0.02503659948706627, -0.023953696712851524, -0.02287079393863678, -0.021787889301776886, -0.02070498652756214, -0.019622083753347397, -0.018539180979132652, -0.017456278204917908, -0.016373373568058014, -0.01529047079384327, -0.014207568019628525, -0.013124664314091206, -0.012041760608553886, -0.010958859696984291, -0.009875956922769547, -0.008793053217232227, -0.0077101499773561954, -0.006627246737480164, -0.005544343497604132, -0.0044614402577281, -0.003378537017852068, -0.002295633777976036, -0.0012127305381000042, -0.00012982729822397232, 0.0009530759416520596, 0.0020359791815280914, 0.0031188824214041233, 0.004201785661280155, 0.005284688901156187, 0.006367592141032219, 0.007450495380908251, 0.008533398620784283, 0.009616302326321602, 0.010699205100536346, 0.011782107874751091, 0.01286501158028841, 0.01394791528582573, 0.015030818060040474, 0.01611372083425522, 0.017196625471115112, 0.018279528245329857, 0.0193624310195446, 0.020445333793759346, 0.02152823656797409, 0.022611141204833984, 0.02369404397904873]}, "gradients/conv1.bias": {"_type": "histogram", "values": [1.0, 0.0, 0.0, 0.0, 0.0, 0.0, 0.0, 0.0, 0.0, 0.0, 0.0, 0.0, 0.0, 0.0, 0.0, 0.0, 0.0, 0.0, 0.0, 0.0, 0.0, 0.0, 1.0, 0.0, 0.0, 0.0, 1.0, 0.0, 0.0, 0.0, 0.0, 0.0, 1.0, 0.0, 0.0, 0.0, 0.0, 0.0, 0.0, 0.0, 1.0, 0.0, 0.0, 0.0, 0.0, 0.0, 1.0, 0.0, 1.0, 0.0, 1.0, 0.0, 0.0, 0.0, 1.0, 0.0, 0.0, 1.0, 1.0, 0.0, 1.0, 0.0, 0.0, 1.0], "bins": [-0.004708456341177225, -0.0046554431319236755, -0.004602429922670126, -0.004549416713416576, -0.0044964030385017395, -0.00444338982924819, -0.00439037661999464, -0.004337363410741091, -0.004284350201487541, -0.004231336992233992, -0.004178323782980442, -0.004125310108065605, -0.004072296898812056, -0.004019283689558506, -0.0039662704803049564, -0.003913257271051407, -0.00386024359613657, -0.0038072303868830204, -0.003754216944798827, -0.0037012037355452776, -0.003648190526291728, -0.003595177084207535, -0.003542163874953985, -0.0034891506657004356, -0.003436137456446886, -0.0033831242471933365, -0.0033301108051091433, -0.0032770975958555937, -0.003224084386602044, -0.003171070944517851, -0.0031180577352643013, -0.0030650445260107517, -0.003012030851095915, -0.0029590176418423653, -0.002906004199758172, -0.0028529909905046225, -0.002799977781251073, -0.0027469643391668797, -0.00269395112991333, -0.0026409379206597805, -0.002587924711406231, -0.0025349115021526814, -0.002481898060068488, -0.0024288848508149385, -0.002375871641561389, -0.0023228581994771957, -0.002269844990223646, -0.0022168317809700966, -0.0021638183388859034, -0.0021108051296323538, -0.0020577916875481606, -0.002004778478294611, -0.0019517651526257396, -0.0018987518269568682, -0.0018457386177033186, -0.0017927252920344472, -0.0017397119663655758, -0.0016866986406967044, -0.0016336854314431548, -0.0015806721057742834, -0.001527658780105412, -0.0014746454544365406, -0.001421632245182991, -0.0013686189195141196, -0.00131560571026057]}, "gradients/conv1.lin.weight": {"_type": "histogram", "values": [1.0, 0.0, 0.0, 0.0, 0.0, 0.0, 0.0, 1.0, 0.0, 0.0, 1.0, 1.0, 1.0, 0.0, 0.0, 0.0, 0.0, 1.0, 0.0, 0.0, 1.0, 0.0, 0.0, 0.0, 4.0, 1.0, 1.0, 1.0, 3.0, 2.0, 10.0, 7.0, 5.0, 6.0, 19.0, 23.0, 36.0, 39.0, 54.0, 93.0, 169.0, 280.0, 594.0, 1232.0, 3260.0, 14626.0, 25235.0, 1830.0, 417.0, 104.0, 40.0, 14.0, 9.0, 6.0, 5.0, 4.0, 0.0, 1.0, 0.0, 1.0, 0.0, 0.0, 0.0, 1.0], "bins": [-0.003292656969279051, -0.003221148392185569, -0.003149639815092087, -0.003078131005167961, -0.003006622428074479, -0.002935113850980997, -0.002863605273887515, -0.002792096696794033, -0.0027205878868699074, -0.0026490793097764254, -0.0025775707326829433, -0.0025060619227588177, -0.0024345533456653357, -0.0023630447685718536, -0.0022915361914783716, -0.0022200276143848896, -0.0021485190372914076, -0.0020770104601979256, -0.0020055018831044436, -0.0019339931895956397, -0.0018624844960868359, -0.0017909759189933538, -0.0017194673418998718, -0.0016479587648063898, -0.001576450071297586, -0.001504941494204104, -0.0014334328006953, -0.001361924223601818, -0.001290415646508336, -0.0012189069529995322, -0.0011473983759060502, -0.0010758896823972464, -0.0010043808724731207, -0.0009328722371719778, -0.0008613636018708348, -0.0007898550247773528, -0.0007183463894762099, -0.000646837754175067, -0.0005753291770815849, -0.000503820541780442, -0.00043231190647929907, -0.00036080327117815614, -0.00028929466498084366, -0.00021778604423161596, -0.00014627742348238826, -7.476878818124533e-05, -3.2601819839328527e-06, 6.824842421337962e-05, 0.00013975705951452255, 0.00021126568026375026, 0.00028277430101297796, 0.00035428290721029043, 0.00042579154251143336, 0.0004973001778125763, 0.0005688087549060583, 0.0006403173902072012, 0.0007118260255083442, 0.0007833346608094871, 0.00085484329611063, 0.000926351873204112, 0.000997860450297594, 0.001069369143806398, 0.00114087772089988, 0.0012123864144086838, 0.0012838949915021658]}, "_wandb": {"runtime": 8}}