{"mean_loss_train": 0.1536865532398224, "_timestamp": 1661074717.2560334, "_runtime": 7.1419994831085205, "_step": 399, "mean_loss_test": 0.8037495017051697, "mean_accuracy_test": 0.785, "gradients/conv2.bias": {"_type": "histogram", "values": [1.0, 0.0, 0.0, 0.0, 0.0, 0.0, 0.0, 0.0, 0.0, 0.0, 0.0, 0.0, 0.0, 0.0, 0.0, 0.0, 0.0, 0.0, 0.0, 0.0, 0.0, 0.0, 0.0, 0.0, 0.0, 0.0, 0.0, 0.0, 0.0, 0.0, 0.0, 0.0, 0.0, 0.0, 0.0, 0.0, 0.0, 0.0, 0.0, 0.0, 0.0, 0.0, 0.0, 0.0, 1.0, 0.0, 1.0, 0.0, 0.0, 0.0, 0.0, 0.0, 0.0, 0.0, 0.0, 0.0, 1.0, 0.0, 0.0, 1.0, 0.0, 0.0, 0.0, 2.0], "bins": [-0.01737806387245655, -0.017014674842357635, -0.01665128394961357, -0.016287894919514656, -0.01592450588941574, -0.015561116859316826, -0.015197726897895336, -0.014834336936473846, -0.014470947906374931, -0.014107558876276016, -0.013744168914854527, -0.013380778953433037, -0.013017389923334122, -0.012654000893235207, -0.012290610931813717, -0.011927220970392227, -0.011563831940293312, -0.011200442910194397, -0.010837052948772907, -0.010473662987351418, -0.010110273957252502, -0.009746884927153587, -0.009383494965732098, -0.009020105004310608, -0.008656715974211693, -0.008293326944112778, -0.007929936982691288, -0.007566547486931086, -0.007203157991170883, -0.006839768495410681, -0.006476378999650478, -0.006112989503890276, -0.005749599076807499, -0.0053862095810472965, -0.005022820085287094, -0.004659430589526892, -0.004296041093766689, -0.003932651598006487, -0.0035692621022462845, -0.003205872606486082, -0.0028424831107258797, -0.0024790936149656773, -0.002115704119205475, -0.0017523146234452724, -0.00138892512768507, -0.0010255356319248676, -0.0006621461361646652, -0.0002987566404044628, 6.46328553557396e-05, 0.000428022351115942, 0.0007914118468761444, 0.0011548013426363468, 0.0015181908383965492, 0.0018815803341567516, 0.002244969829916954, 0.0026083593256771564, 0.002971748821437359, 0.0033351383171975613, 0.0036985278129577637, 0.004061917308717966, 0.0044253068044781685, 0.004788696300238371, 0.005152085795998573, 0.005515475291758776, 0.005878864787518978]}, "gradients/conv2.lin.weight": {"_type": "histogram", "values": [1.0, 0.0, 0.0, 0.0, 0.0, 0.0, 0.0, 0.0, 1.0, 0.0, 0.0, 0.0, 0.0, 0.0, 0.0, 0.0, 0.0, 0.0, 0.0, 0.0, 0.0, 0.0, 0.0, 1.0, 0.0, 0.0, 0.0, 1.0, 0.0, 0.0, 1.0, 2.0, 3.0, 3.0, 2.0, 3.0, 5.0, 3.0, 4.0, 2.0, 2.0, 3.0, 3.0, 0.0, 3.0, 1.0, 4.0, 4.0, 2.0, 7.0, 4.0, 6.0, 6.0, 2.0, 1.0, 2.0, 2.0, 2.0, 0.0, 1.0, 1.0, 0.0, 1.0, 2.0], "bins": [-0.05028127133846283, -0.04914495348930359, -0.04800863564014435, -0.046872321516275406, -0.045736003667116165, -0.044599685817956924, -0.043463367968797684, -0.04232705384492874, -0.0411907359957695, -0.04005441814661026, -0.03891810029745102, -0.03778178617358208, -0.036645468324422836, -0.035509150475263596, -0.034372832626104355, -0.03323651850223541, -0.03210020065307617, -0.03096388280391693, -0.02982756681740284, -0.0286912489682436, -0.027554932981729507, -0.026418615132570267, -0.025282297283411026, -0.024145981296896935, -0.023009661585092545, -0.021873343735933304, -0.020737027749419212, -0.01960070990025997, -0.01846439391374588, -0.01732807606458664, -0.0161917582154274, -0.015055442228913307, -0.013919128105044365, -0.012782811187207699, -0.011646494269371033, -0.010510176420211792, -0.0093738604336977, -0.00823754258453846, -0.007101225666701794, -0.0059649087488651276, -0.004828592762351036, -0.00369227584451437, -0.00255595869384706, -0.0014196415431797504, -0.00028332462534308434, 0.0008529922924935818, 0.001989309675991535, 0.0031256265938282013, 0.004261944442987442, 0.005398261360824108, 0.006534578278660774, 0.007670895662158728, 0.008807212114334106, 0.009943529963493347, 0.011079846881330013, 0.01221616379916668, 0.013352480717003345, 0.014488797634840012, 0.015625115483999252, 0.016761431470513344, 0.017897749319672585, 0.019034065306186676, 0.020170383155345917, 0.021306701004505157, 0.02244301699101925]}, "gradients/conv1.bias": {"_type": "histogram", "values": [1.0, 0.0, 0.0, 0.0, 0.0, 0.0, 0.0, 0.0, 0.0, 0.0, 0.0, 0.0, 0.0, 0.0, 0.0, 1.0, 0.0, 0.0, 0.0, 0.0, 0.0, 0.0, 1.0, 0.0, 0.0, 0.0, 0.0, 0.0, 0.0, 0.0, 0.0, 0.0, 1.0, 1.0, 0.0, 0.0, 0.0, 0.0, 0.0, 0.0, 0.0, 0.0, 1.0, 0.0, 0.0, 3.0, 1.0, 0.0, 0.0, 0.0, 0.0, 1.0, 0.0, 0.0, 0.0, 0.0, 0.0, 0.0, 1.0, 0.0, 0.0, 0.0, 0.0, 1.0], "bins": [-0.012721987441182137, -0.012565003708004951, -0.012408019974827766, -0.012251036241650581, -0.012094053439795971, -0.011937069706618786, -0.0117800859734416, -0.011623102240264416, -0.01146611850708723, -0.011309134773910046, -0.01115215104073286, -0.010995167307555676, -0.010838184505701065, -0.01068120077252388, -0.010524217039346695, -0.01036723330616951, -0.010210249572992325, -0.01005326583981514, -0.009896282106637955, -0.00973929837346077, -0.00958231557160616, -0.009425331838428974, -0.009268348105251789, -0.009111364372074604, -0.008954381570219994, -0.008797397837042809, -0.008640414103865623, -0.008483430370688438, -0.008326447568833828, -0.008169463835656643, -0.008012480102479458, -0.007855496369302273, -0.007698512636125088, -0.007541528902947903, -0.007384545635432005, -0.00722756190225482, -0.007070578169077635, -0.006913594901561737, -0.006756611168384552, -0.006599627435207367, -0.006442644167691469, -0.006285660434514284, -0.006128677166998386, -0.005971693433821201, -0.005814709700644016, -0.005657725967466831, -0.0055007426999509335, -0.005343758966773748, -0.005186775699257851, -0.005029791966080666, -0.004872808698564768, -0.004715824965387583, -0.004558841232210398, -0.0044018579646945, -0.004244874231517315, -0.00408789049834013, -0.003930906765162945, -0.0037739232648164034, -0.0036169395316392183, -0.003459956031292677, -0.003302972298115492, -0.0031459887977689505, -0.002989005297422409, -0.002832021564245224, -0.0026750380638986826]}, "gradients/conv1.lin.weight": {"_type": "histogram", "values": [1.0, 2.0, 0.0, 0.0, 0.0, 1.0, 1.0, 0.0, 2.0, 0.0, 3.0, 0.0, 2.0, 1.0, 2.0, 0.0, 2.0, 5.0, 6.0, 2.0, 3.0, 10.0, 11.0, 11.0, 22.0, 18.0, 38.0, 61.0, 94.0, 195.0, 426.0, 1308.0, 5601.0, 9589.0, 896.0, 173.0, 65.0, 38.0, 20.0, 6.0, 4.0, 3.0, 3.0, 0.0, 0.0, 0.0, 2.0, 0.0, 1.0, 0.0, 0.0, 0.0, 0.0, 0.0, 0.0, 0.0, 0.0, 0.0, 0.0, 0.0, 0.0, 0.0, 0.0, 1.0], "bins": [-0.007458871230483055, -0.007233876734972, -0.007008882239460945, -0.00678388774394989, -0.006558893248438835, -0.00633389875292778, -0.006108904257416725, -0.00588390976190567, -0.005658915266394615, -0.00543392077088356, -0.005208926275372505, -0.00498393177986145, -0.004758937284350395, -0.00453394278883934, -0.004308948293328285, -0.00408395379781723, -0.0038589597679674625, -0.0036339652724564075, -0.0034089707769453526, -0.0031839762814342976, -0.0029589817859232426, -0.0027339872904121876, -0.0025089930277317762, -0.0022839985322207212, -0.00205900426954031, -0.001834009774029255, -0.0016090152785182, -0.0013840208994224668, -0.0011590264039114118, -0.0009340319084003568, -0.0007090375293046236, -0.0004840430337935686, -0.00025904877111315727, -3.4054304705932736e-05, 0.0001909401617012918, 0.0004159345990046859, 0.0006409290945157409, 0.0008659235900267959, 0.001090917969122529, 0.001315912464633584, 0.0015409071929752827, 0.0017659016884863377, 0.0019908961839973927, 0.0022158906795084476, 0.0024408851750195026, 0.0026658796705305576, 0.002890873933210969, 0.003115868428722024, 0.0033408626914024353, 0.0035658571869134903, 0.0037908516824245453, 0.0040158461779356, 0.004240840673446655, 0.00446583516895771, 0.004690829664468765, 0.00491582415997982, 0.005140818655490875, 0.00536581315100193, 0.005590807646512985, 0.00581580214202404, 0.006040796637535095, 0.00626579113304615, 0.006490785628557205, 0.00671578012406826, 0.006940774153918028]}, "_wandb": {"runtime": 6}}