{"mean_loss_train": 0.5671078562736511, "_timestamp": 1661519184.003291, "_runtime": 15.103202819824219, "_step": 399, "mean_loss_test": 0.6093379855155945, "mean_accuracy_test": 0.8600871562957764, "gradients/graph_1conv2.bias": {"_type": "histogram", "values": [1.0, 1.0, 0.0, 0.0, 0.0, 0.0, 1.0, 1.0, 0.0, 0.0, 0.0, 0.0, 0.0, 1.0, 0.0, 1.0, 2.0, 2.0, 1.0, 0.0, 0.0, 0.0, 0.0, 0.0, 2.0, 0.0, 4.0, 4.0, 3.0, 7.0, 3.0, 0.0, 11.0, 4.0, 3.0, 7.0, 5.0, 4.0, 5.0, 5.0, 5.0, 4.0, 7.0, 2.0, 2.0, 1.0, 2.0, 0.0, 2.0, 2.0, 3.0, 4.0, 1.0, 3.0, 0.0, 0.0, 0.0, 1.0, 0.0, 1.0, 1.0, 0.0, 1.0, 1.0], "bins": [-0.0012073342222720385, -0.0011635817354544997, -0.001119829248636961, -0.0010760766454041004, -0.0010323241585865617, -0.000988571671769023, -0.0009448191267438233, -0.0009010665817186236, -0.0008573140949010849, -0.0008135616080835462, -0.0007698090630583465, -0.0007260565180331469, -0.0006823040312156081, -0.0006385515443980694, -0.0005947989993728697, -0.0005510464543476701, -0.0005072939675301313, -0.00046354145160876215, -0.00041978893568739295, -0.00037603641976602376, -0.00033228390384465456, -0.00028853138792328537, -0.00024477887200191617, -0.00020102635608054698, -0.00015727384015917778, -0.00011352132423780859, -6.976880831643939e-05, -2.6016292395070195e-05, 1.7736223526299e-05, 6.14887394476682e-05, 0.00010524125536903739, 0.00014899377129040658, 0.00019274617079645395, 0.00023649868671782315, 0.00028025120263919234, 0.00032400371856056154, 0.00036775623448193073, 0.00041150875040329993, 0.0004552612663246691, 0.0004990138113498688, 0.0005427662981674075, 0.0005865187849849463, 0.0006302713300101459, 0.0006740238750353456, 0.0007177763618528843, 0.000761528848670423, 0.0008052813936956227, 0.0008490339387208223, 0.0008927864255383611, 0.0009365389123558998, 0.0009802915155887604, 0.0010240440024062991, 0.0010677964892238379, 0.0011115489760413766, 0.0011553014628589153, 0.001199054066091776, 0.0012428065529093146, 0.0012865590397268534, 0.001330311642959714, 0.0013740641297772527, 0.0014178166165947914, 0.0014615691034123302, 0.0015053215902298689, 0.0015490741934627295, 0.0015928266802802682]}, "gradients/graph_1conv2.lin.weight": {"_type": "histogram", "values": [2.0, 0.0, 1.0, 1.0, 1.0, 0.0, 0.0, 2.0, 1.0, 4.0, 2.0, 0.0, 3.0, 3.0, 2.0, 2.0, 1.0, 4.0, 1.0, 11.0, 7.0, 11.0, 15.0, 22.0, 39.0, 40.0, 71.0, 62.0, 76.0, 71.0, 87.0, 86.0, 91.0, 98.0, 72.0, 71.0, 70.0, 69.0, 56.0, 44.0, 39.0, 43.0, 44.0, 29.0, 39.0, 25.0, 25.0, 16.0, 10.0, 7.0, 11.0, 11.0, 11.0, 8.0, 9.0, 9.0, 10.0, 12.0, 2.0, 4.0, 3.0, 2.0, 3.0, 2.0], "bins": [-0.00048628050717525184, -0.0004704346938524395, -0.00045458890963345766, -0.00043874309631064534, -0.000422897282987833, -0.00040705149876885116, -0.00039120568544603884, -0.000375359901227057, -0.00035951408790424466, -0.00034366827458143234, -0.0003278224903624505, -0.00031197667703963816, -0.0002961308928206563, -0.000280285079497844, -0.00026443926617503166, -0.00024859345285221934, -0.00023274766863323748, -0.0002169018698623404, -0.0002010560710914433, -0.00018521025776863098, -0.0001693644589977339, -0.0001535186602268368, -0.00013767284690402448, -0.00012182704813312739, -0.0001059812493622303, -9.013545059133321e-05, -7.42896445444785e-05, -5.844384213560261e-05, -4.259803972672671e-05, -2.675224095582962e-05, -1.0906434908974916e-05, 4.939371137879789e-06, 2.0785140804946423e-05, 3.663094321382232e-05, 5.247674562269822e-05, 6.832255166955292e-05, 8.416835044045001e-05, 0.0001000141492113471, 0.00011585995525820181, 0.0001317057613050565, 0.0001475515600759536, 0.0001633973588468507, 0.00017924315761774778, 0.0001950889709405601, 0.0002109347697114572, 0.00022678056848235428, 0.0002426263818051666, 0.00025847216602414846, 0.0002743179793469608, 0.0002901637926697731, 0.00030600957688875496, 0.0003218553902115673, 0.00033770117443054914, 0.00035354698775336146, 0.0003693928010761738, 0.0003852386143989861, 0.00040108439861796796, 0.0004169302119407803, 0.00043277599615976214, 0.00044862180948257446, 0.0004644676228053868, 0.00048031340702436864, 0.0004961591912433505, 0.0005120050045661628, 0.0005278508178889751]}, "gradients/graph_1conv1.bias": {"_type": "histogram", "values": [1.0, 0.0, 0.0, 0.0, 0.0, 0.0, 0.0, 0.0, 0.0, 0.0, 0.0, 0.0, 0.0, 2.0, 1.0, 0.0, 0.0, 0.0, 1.0, 0.0, 0.0, 0.0, 0.0, 0.0, 0.0, 0.0, 0.0, 0.0, 0.0, 0.0, 0.0, 0.0, 0.0, 0.0, 1.0, 0.0, 0.0, 1.0, 0.0, 1.0, 0.0, 1.0, 0.0, 0.0, 0.0, 0.0, 1.0, 0.0, 0.0, 0.0, 0.0, 0.0, 1.0, 0.0, 0.0, 0.0, 1.0, 0.0, 0.0, 0.0, 0.0, 0.0, 0.0, 1.0], "bins": [-0.0038723309990018606, -0.0038231653161346912, -0.003773999400436878, -0.003724833717569709, -0.0036756680347025394, -0.00362650235183537, -0.0035773366689682007, -0.0035281707532703876, -0.0034790050704032183, -0.003429839387536049, -0.003380673471838236, -0.0033315077889710665, -0.003282342106103897, -0.0032331764232367277, -0.0031840107403695583, -0.0031348448246717453, -0.003085679141804576, -0.0030365134589374065, -0.0029873475432395935, -0.002938181860372424, -0.0028890161775052547, -0.0028398504946380854, -0.002790684811770916, -0.002741518896073103, -0.0026923532132059336, -0.002643187530338764, -0.002594021614640951, -0.0025448559317737818, -0.0024956902489066124, -0.002446524566039443, -0.0023973588831722736, -0.0023481929674744606, -0.0022990272846072912, -0.002249861601740122, -0.002200695686042309, -0.0021515300031751394, -0.00210236432030797, -0.0020531986374408007, -0.0020040329545736313, -0.0019548670388758183, -0.0019057013560086489, -0.0018565356731414795, -0.0018073698738589883, -0.001758204074576497, -0.0017090383917093277, -0.0016598727088421583, -0.0016107069095596671, -0.001561541110277176, -0.0015123754274100065, -0.0014632097445428371, -0.001414043945260346, -0.0013648781459778547, -0.0013157124631106853, -0.001266546780243516, -0.0012173809809610248, -0.0011682151816785336, -0.0011190494988113642, -0.0010698838159441948, -0.0010207180166617036, -0.0009715522755868733, -0.000922386534512043, -0.0008732207934372127, -0.0008240550523623824, -0.0007748893112875521, -0.0007257235120050609]}, "gradients/graph_1conv1.lin.weight": {"_type": "histogram", "values": [1.0, 0.0, 0.0, 0.0, 0.0, 0.0, 0.0, 0.0, 0.0, 0.0, 0.0, 0.0, 0.0, 0.0, 0.0, 0.0, 0.0, 0.0, 2.0, 0.0, 2.0, 0.0, 2.0, 1.0, 3.0, 5.0, 6.0, 7.0, 12.0, 33.0, 26.0, 31.0, 33.0, 47.0, 53.0, 65.0, 54.0, 72.0, 55.0, 37.0, 32.0, 27.0, 20.0, 5.0, 8.0, 0.0, 1.0, 1.0, 1.0, 1.0, 1.0, 1.0, 1.0, 0.0, 0.0, 2.0, 0.0, 0.0, 1.0, 0.0, 0.0, 0.0, 0.0, 1.0],