{"mean_loss_train": 0.5322766304016113, "_timestamp": 1661519092.6117177, "_runtime": 4.010091781616211, "_step": 399, "mean_loss_test": 0.572921872138977, "mean_accuracy_test": 0.8658169507980347, "gradients/fc2.bias": {"_type": "histogram", "values": [1.0, 1.0, 0.0, 0.0, 0.0, 0.0, 0.0, 2.0, 0.0, 1.0, 1.0, 2.0, 1.0, 4.0, 2.0, 8.0, 10.0, 9.0, 10.0, 5.0, 11.0, 8.0, 8.0, 6.0, 6.0, 4.0, 1.0, 2.0, 4.0, 1.0, 2.0, 2.0, 1.0, 1.0, 0.0, 1.0, 0.0, 1.0, 0.0, 0.0, 1.0, 0.0, 0.0, 0.0, 0.0, 0.0, 1.0, 0.0, 0.0, 0.0, 0.0, 0.0, 0.0, 0.0, 0.0, 0.0, 1.0, 0.0, 1.0, 0.0, 0.0, 0.0, 0.0, 1.0], "bins": [-6.761479016859084e-05, -6.543065683217719e-05, -6.324652349576354e-05, -6.106239015934989e-05, -5.8878260460915044e-05, -5.669412712450139e-05, -5.450999742606655e-05, -5.2325864089652896e-05, -5.0141730753239244e-05, -4.795759741682559e-05, -4.577346408041194e-05, -4.3589334381977096e-05, -4.1405201045563444e-05, -3.922106770914979e-05, -3.703693801071495e-05, -3.4852804674301296e-05, -3.2668671337887645e-05, -3.0484538001473993e-05, -2.8300406484049745e-05, -2.6116274966625497e-05, -2.3932141630211845e-05, -2.1748008293798193e-05, -1.9563876776373945e-05, -1.7379745258949697e-05, -1.5195611922536045e-05, -1.3011479495617095e-05, -1.0827347068698145e-05, -8.643214641779196e-06, -6.459082214860246e-06, -4.274949787941296e-06, -2.0908173610223457e-06, 9.331415640190244e-08, 2.2774547687731683e-06, 4.461587195692118e-06, 6.645719622611068e-06, 8.829852049530018e-06, 1.1013984476448968e-05, 1.3198116903367918e-05, 1.5382249330286868e-05, 1.7566380847711116e-05, 1.9750514184124768e-05, 2.193464752053842e-05, 2.4118779037962668e-05, 2.6302910555386916e-05, 2.8487043891800568e-05, 3.067117722821422e-05, 3.2855306926649064e-05, 3.5039440263062716e-05, 3.722357359947637e-05, 3.940770693589002e-05, 4.159184027230367e-05, 4.3775969970738515e-05, 4.596010330715217e-05, 4.814423664356582e-05, 5.032836634200066e-05, 5.2512499678414315e-05, 5.469663301482797e-05, 5.688076635124162e-05, 5.906489968765527e-05, 6.124903302406892e-05, 6.343316636048257e-05, 6.561729242093861e-05, 6.780142575735226e-05, 6.998555909376591e-05, 7.216969243017957e-05]}, "gradients/fc2.weight": {"_type": "histogram", "values": [1.0, 0.0, 0.0, 1.0, 0.0, 0.0, 0.0, 0.0, 0.0, 0.0, 1.0, 1.0, 0.0, 4.0, 3.0, 2.0, 4.0, 5.0, 8.0, 4.0, 13.0, 16.0, 19.0, 20.0, 26.0, 39.0, 50.0, 50.0, 53.0, 86.0, 92.0, 136.0, 173.0, 187.0, 256.0, 314.0, 381.0, 493.0, 527.0, 573.0, 482.0, 411.0, 315.0, 278.0, 237.0, 198.0, 145.0, 122.0, 60.0, 63.0, 46.0, 40.0, 26.0, 31.0, 19.0, 11.0, 9.0, 8.0, 5.0, 3.0, 1.0, 0.0, 0.0, 2.0], "bins": [-0.00023561331909149885, -0.0002295380982104689, -0.00022346287732943892, -0.00021738764189649373, -0.00021131242101546377, -0.0002052372001344338, -0.00019916197925340384, -0.00019308674382045865, -0.0001870115229394287, -0.00018093630205839872, -0.00017486108117736876, -0.00016878584574442357, -0.0001627106248633936, -0.00015663540398236364, -0.00015056018310133368, -0.00014448494766838849, -0.00013840972678735852, -0.00013233450590632856, -0.0001262592850252986, -0.00012018405686831102, -0.00011410882871132344, -0.00010803360783029348, -0.00010195838694926351, -9.588315879227594e-05, -8.980794518720359e-05, -8.373272430617362e-05, -7.765749614918604e-05, -7.158227526815608e-05, -6.55070471111685e-05, -5.943182623013854e-05, -5.335660171112977e-05, -4.7281377192121e-05, -4.120614903513342e-05, -3.513092451612465e-05, -2.905569999711588e-05, -2.2980477297096513e-05, -1.6905252778087743e-05, -1.0830028259078972e-05, -4.754805559059605e-06, 1.3204189599491656e-06, 7.395647116936743e-06, 1.3470871635945514e-05, 1.9546096154954284e-05, 2.562131885497365e-05, 3.1696545192971826e-05, 3.777176607400179e-05, 4.384699059301056e-05, 4.992221511201933e-05, 5.5997435993049294e-05, 6.207265687407926e-05, 6.814788503106683e-05, 7.42231059120968e-05, 8.029833406908438e-05, 8.637355495011434e-05, 9.244878310710192e-05, 9.852400398813188e-05, 0.00010459922486916184, 0.00011067444575019181, 0.00011674967390717939, 0.00012282490206416696, 0.00012890012294519693, 0.0001349753438262269, 0.00014105056470725685, 0.00014712580014020205, 0.000153201021021232]}, "gradients/fc1.bias": {"_type": "histogram", "values": [1.0, 0.0, 0.0, 0.0, 0.0, 1.0, 0.0, 3.0, 0.0, 0.0, 1.0, 0.0, 0.0, 0.0, 1.0, 2.0, 1.0, 1.0, 1.0, 2.0, 2.0, 0.0, 0.0, 0.0, 1.0, 1.0, 0.0, 2.0, 1.0, 3.0, 3.0, 1.0, 2.0, 1.0, 1.0, 1.0, 2.0, 5.0, 1.0, 0.0, 1.0, 1.0, 0.0, 0.0, 0.0, 2.0, 1.0, 1.0, 0.0, 2.0, 0.0, 0.0, 0.0, 0.0, 0.0, 0.0, 0.0, 0.0, 0.0, 0.0, 0.0, 0.0, 0.0, 1.0], "bins": [-0.00012137576413806528, -0.0001169193274108693, -0.00011246289068367332, -0.00010800646123243496, -0.00010355002450523898, -9.9093587778043e-05, -9.463715832680464e-05, -9.018072159960866e-05, -8.572428487241268e-05, -8.12678481452167e-05, -7.681141141802073e-05, -7.235498196678236e-05, -6.789854523958638e-05, -6.34421085123904e-05, -5.8985675423173234e-05, -5.452924233395606e-05, -5.0072805606760085e-05, -4.5616368879564106e-05, -4.1159935790346935e-05, -3.6703502701129764e-05, -3.2247065973933786e-05, -2.779063106572721e-05, -2.3334196157520637e-05, -1.8877763068303466e-05, -1.4421326341107488e-05, -9.964891432900913e-06, -5.5084565246943384e-06, -1.0520216164877638e-06, 3.404413291718811e-06, 7.860848199925385e-06, 1.231728310813196e-05, 1.677371619734913e-05, 2.123013837262988e-05, 2.5686573280836456e-05, 3.014300818904303e-05, 3.45994412782602e-05, 3.905587800545618e-05, 4.351231473265216e-05, 4.796874782186933e-05, 5.24251809110865e-05, 5.688161763828248e-05, 6.133805436547846e-05, 6.579449109267443e-05, 7.02509205439128e-05, 7.470735727110878e-05, 7.916379399830475e-05, 8.362022344954312e-05, 8.80766601767391e-05, 9.253309690393507e-05, 9.698953363113105e-05, 0.00010144597035832703, 0.0001059023998095654, 0.00011035883653676137, 0.00011481527326395735, 0.00011927170271519572, 0.0001237281394423917, 0.00012818457616958767, 0.00013264101289678365, 0.00013709744962397963, 0.0001415538863511756, 0.00014601030852645636, 0.00015046674525365233, 0.0001549231819808483, 0.0001593796187080443, 0.00016383605543524027]}, "gradients/fc1.weight": {"_type": "histogram", "values": [2.0, 0.0, 0.0, 0.0, 0.0, 0.0, 0.0, 0.0, 0.0, 2.0, 2.0, 1.0, 1.0, 2.0, 2.0, 3.0, 2.0, 6.0, 6.0, 9.0, 12.0, 14.0, 38.0, 43.0, 67.0, 84.0, 110.0, 157.0, 318.0, 768.0, 245.0, 173.0, 120.0, 85.0, 70.0, 46.0, 32.0, 20.0, 20.0, 14.0, 5.0, 4.0, 3.0, 4.0, 1.0, 1.0, 2.0, 2.0, 0.0, 0.0, 0.0, 0.0, 1.0, 0.0, 0.0, 0.0, 1.0, 0.0, 0.0, 0.0, 0.0, 0.0, 1.0, 1.0],