{"mean_loss_test": 0.6182594895362854, "mean_accuracy_test": 0.759, "_timestamp": 1661073102.528865, "_runtime": 90.37100219726562, "_step": 999, "gradients/conv2.bias": {"_type": "histogram", "values": [1.0, 0.0, 0.0, 0.0, 0.0, 0.0, 0.0, 0.0, 0.0, 0.0, 0.0, 0.0, 0.0, 0.0, 0.0, 0.0, 0.0, 0.0, 0.0, 0.0, 0.0, 0.0, 0.0, 0.0, 0.0, 0.0, 0.0, 1.0, 0.0, 0.0, 0.0, 0.0, 0.0, 0.0, 0.0, 0.0, 0.0, 0.0, 0.0, 0.0, 0.0, 0.0, 0.0, 0.0, 0.0, 0.0, 0.0, 0.0, 0.0, 0.0, 0.0, 0.0, 0.0, 0.0, 0.0, 0.0, 0.0, 0.0, 0.0, 0.0, 0.0, 0.0, 0.0, 1.0], "bins": [-0.00012550828978419304, -0.00012140733451815322, -0.00011730637197615579, -0.00011320541671011597, -0.00010910445416811854, -0.00010500349890207872, -0.0001009025436360389, -9.680158109404147e-05, -9.270062582800165e-05, -8.859967056196183e-05, -8.44987080199644e-05, -8.039775275392458e-05, -7.629679748788476e-05, -7.219583494588733e-05, -6.809487967984751e-05, -6.399392441380769e-05, -5.989296187181026e-05, -5.579200296779163e-05, -5.1691044063773006e-05, -4.759008879773319e-05, -4.348912989371456e-05, -3.9388170989695936e-05, -3.528721572365612e-05, -3.118625681963749e-05, -2.7085297915618867e-05, -2.298433901160024e-05, -1.888338192657102e-05, -1.4782423932047095e-05, -1.0681465937523171e-05, -6.580507033504546e-06, -2.4795499484753236e-06, 1.6214071365538985e-06, 5.722366040572524e-06, 9.823324035096448e-06, 1.3924282029620372e-05, 1.8025239114649594e-05, 2.212619801866822e-05, 2.6227156922686845e-05, 3.0328114007716067e-05, 3.442907109274529e-05, 3.8530029996763915e-05, 4.263098890078254e-05, 4.6731947804801166e-05, 5.0832903070840985e-05, 5.493386197485961e-05, 5.9034820878878236e-05, 6.313577614491805e-05, 6.723673141095787e-05, 7.13376939529553e-05, 7.543864921899512e-05, 7.953961176099256e-05, 8.364056702703238e-05, 8.774152956902981e-05, 9.184248483506963e-05, 9.594344010110945e-05, 0.00010004440264310688, 0.0001041453579091467, 0.00010824631317518651, 0.00011234727571718395, 0.00011644823098322377, 0.00012054918624926358, 0.00012465014879126102, 0.00012875111133325845, 0.00013285205932334065, 0.0001369530218653381]}, "gradients/conv2.lin.weight": {"_type": "histogram", "values": [1.0, 0.0, 1.0, 0.0, 0.0, 0.0, 0.0, 1.0, 0.0, 0.0, 0.0, 0.0, 4.0, 2.0, 0.0, 1.0, 0.0, 0.0, 1.0, 0.0, 1.0, 1.0, 3.0, 0.0, 1.0, 0.0, 3.0, 1.0, 0.0, 0.0, 0.0, 0.0, 0.0, 0.0, 0.0, 0.0, 1.0, 2.0, 1.0, 0.0, 1.0, 0.0, 2.0, 1.0, 0.0, 0.0, 0.0, 0.0, 0.0, 1.0, 3.0, 1.0, 0.0, 0.0, 0.0, 3.0, 1.0, 0.0, 0.0, 0.0, 0.0, 0.0, 0.0, 1.0], "bins": [-0.005155152175575495, -0.0049909488297998905, -0.004826745484024286, -0.004662542603909969, -0.004498339258134365, -0.004334135912358761, -0.004169932566583157, -0.004005729220807552, -0.0038415261078625917, -0.0036773227620869875, -0.003513119649142027, -0.0033489163033664227, -0.0031847129575908184, -0.003020509844645858, -0.0028563064988702536, -0.002692103385925293, -0.0025279000401496887, -0.0023636966943740845, -0.002199493581429124, -0.0020352902356535196, -0.0018710870062932372, -0.0017068837769329548, -0.0015426804311573505, -0.0013784772017970681, -0.001214273739606142, -0.0010500705102458596, -0.0008858672226779163, -0.000721663935109973, -0.0005574607057496905, -0.0003932574763894081, -0.00022905413061380386, -6.485090125352144e-05, 9.935162961483002e-05, 0.0002635548880789429, 0.00042775814654305577, 0.0005919614341109991, 0.0007561646634712815, 0.000920367892831564, 0.0010845712386071682, 0.0012487744679674506, 0.0014129774644970894, 0.0015771806938573718, 0.0017413839232176542, 0.0019055872689932585, 0.002069790381938219, 0.0022339937277138233, 0.0023981970734894276, 0.002562400419265032, 0.002726603765040636, 0.0028908071108162403, 0.003055010223761201, 0.003219213569536805, 0.0033834166824817657, 0.00354762002825737, 0.0037118233740329742, 0.0038760267198085785, 0.004040230065584183, 0.004204433411359787, 0.004368636757135391, 0.0045328401029109955, 0.004697042983025312, 0.004861246328800917, 0.005025449674576521, 0.005189653020352125, 0.005353855900466442]}, "gradients/conv1.bias": {"_type": "histogram", "values": [1.0, 0.0, 0.0, 0.0, 0.0, 0.0, 0.0, 0.0, 0.0, 0.0, 0.0, 0.0, 0.0, 0.0, 0.0, 0.0, 1.0, 0.0, 0.0, 0.0, 0.0, 0.0, 0.0, 0.0, 0.0, 0.0, 0.0, 1.0, 0.0, 1.0, 0.0, 0.0, 0.0, 1.0, 0.0, 0.0, 0.0, 1.0, 0.0, 0.0, 0.0, 1.0, 1.0, 0.0, 0.0, 0.0, 0.0, 1.0, 0.0, 1.0, 0.0, 0.0, 0.0, 1.0, 0.0, 0.0, 0.0, 0.0, 0.0, 0.0, 0.0, 0.0, 1.0, 1.0], "bins": [-0.0018690319266170263, -0.0018385000294074416, -0.0018079682486131787, -0.001777436351403594, -0.0017469044541940093, -0.0017163725569844246, -0.0016858407761901617, -0.001655308878980577, -0.0016247769817709923, -0.0015942450845614076, -0.0015637133037671447, -0.00153318140655756, -0.0015026495093479753, -0.0014721176121383905, -0.0014415858313441277, -0.001411053934134543, -0.0013805220369249582, -0.0013499901397153735, -0.0013194583589211106, -0.001288926461711526, -0.0012583945645019412, -0.0012278626672923565, -0.0011973308864980936, -0.001166798989288509, -0.001136267208494246, -0.0011057353112846613, -0.0010752035304903984, -0.0010446716332808137, -0.001014139736071229, -0.0009836078388616443, -0.0009530760580673814, -0.0009225441608577967, -0.000892012263648212, -0.0008614804246462882, -0.0008309485274367034, -0.0008004166884347796, -0.0007698847912251949, -0.0007393529522232711, -0.0007088211132213473, -0.0006782892160117626, -0.0006477573188021779, -0.0006172254798002541, -0.0005866935825906694, -0.0005561617435887456, -0.0005256298463791609, -0.0004950980073772371, -0.0004645661392714828, -0.00043403427116572857, -0.00040350243216380477, -0.0003729705640580505, -0.00034243869595229626, -0.00031190685695037246, -0.00028137495974078774, -0.00025084312073886395, -0.0002203112526331097, -0.00018977938452735543, -0.00015924751642160118, -0.00012871564831584692, -9.818378748605028e-05, -6.765192665625364e-05, -3.712005855049938e-05, -6.588190444745123e-06, 2.3943663109093904e-05, 5.447553121484816e-05, 8.500739932060242e-05]}, "gradients/conv1.lin.weight": {"_type": "histogram", "values": [1.0, 3.0, 0.0, 0.0, 0.0, 0.0, 0.0, 0.0, 0.0, 1.0, 0.0, 2.0, 1.0, 1.0, 1.0, 6.0, 7.0, 1.0, 3.0, 2.0, 6.0, 11.0, 12.0, 6.0, 25.0, 13.0, 31.0, 46.0, 61.0, 81.0, 136.0, 202.0, 264.0, 496.0, 817.0, 1200.0, 1154.0, 743.0, 442.0, 238.0, 144.0, 93.0, 58.0, 46.0, 42.0, 25.0, 30.0, 9.0, 5.0, 9.0, 4.0, 4.0, 2.0, 1.0, 2.0, 2.0, 0.0, 3.0, 0.0, 0.0, 2.0, 2.0, 2.0, 2.0], "bins": [-0.0003764810971915722, -0.0003661017690319568, -0.0003557224408723414, -0.00034534308360889554, -0.00033496375544928014, -0.00032458442728966475, -0.00031420509913004935, -0.00030382577097043395, -0.0002934464137069881, -0.0002830670855473727, -0.0002726877573877573, -0.00026230840012431145, -0.00025192907196469605, -0.00024154974380508065, -0.00023117041564546525, -0.00022079108748584986, -0.00021041175932623446, -0.00020003243116661906, -0.00018965308845508844, -0.00017927376029547304, -0.0001688944175839424, -0.00015851508942432702, -0.00014813576126471162, -0.00013775643310509622, -0.00012737710494548082, -0.00011699776950990781, -0.0001066184340743348, -9.62391059147194e-05, -8.585977047914639e-05, -7.548043504357338e-05, -6.510110688395798e-05, -5.472177144838497e-05, -4.434245056472719e-05, -3.3963115129154176e-05, -2.358378333155997e-05, -1.3204451533965766e-05, -2.825116098392755e-06, 7.554219337180257e-06, 1.7933547496795654e-05, 2.8312882932368666e-05, 3.8692232919856906e-05, 4.907156835542992e-05, 5.945090015302412e-05, 6.983023195061833e-05, 8.020956738619134e-05, 9.058890282176435e-05, 0.00010096823098137975, 0.00011134756641695276, 0.00012172688730061054, 0.00013210621546022594, 0.00014248555817175657, 0.00015286488633137196, 0.0001632442290429026, 0.00017362355720251799, 0.00018400288536213338, 0.00019438221352174878, 0.0002047615562332794, 0.0002151408843928948, 0.00022552022710442543, 0.00023589955526404083, 0.0002462788834236562, 0.0002566582406871021, 0.000267037539742887, 0.0002774168970063329, 0.00028779622516594827]}, "_wandb": {"runtime": 89}}