{"mean_loss_train": 0.17136532068252563, "_timestamp": 1661074676.0900333, "_runtime": 10.859000205993652, "_step": 399, "mean_loss_test": 0.7732422351837158, "mean_accuracy_test": 0.688, "gradients/fc2.bias": {"_type": "histogram", "values": [1.0, 0.0, 0.0, 0.0, 0.0, 0.0, 0.0, 0.0, 0.0, 0.0, 0.0, 0.0, 0.0, 0.0, 0.0, 0.0, 0.0, 0.0, 0.0, 0.0, 0.0, 0.0, 0.0, 0.0, 0.0, 0.0, 0.0, 0.0, 0.0, 0.0, 0.0, 0.0, 0.0, 0.0, 0.0, 0.0, 0.0, 0.0, 1.0, 0.0, 0.0, 0.0, 0.0, 0.0, 0.0, 0.0, 0.0, 0.0, 0.0, 0.0, 0.0, 0.0, 0.0, 0.0, 0.0, 0.0, 0.0, 0.0, 0.0, 0.0, 0.0, 0.0, 0.0, 1.0], "bins": [-0.006183364428579807, -0.00600301381200552, -0.0058226631954312325, -0.005642312578856945, -0.005461961962282658, -0.00528161134570837, -0.005101260729134083, -0.004920910112559795, -0.004740559495985508, -0.0045602088794112206, -0.004379858262836933, -0.004199507646262646, -0.004019157029688358, -0.003838806413114071, -0.0036584557965397835, -0.003478105179965496, -0.0032977545633912086, -0.0031174039468169212, -0.002937053330242634, -0.0027567027136683464, -0.002576352097094059, -0.0023960014805197716, -0.002215650863945484, -0.0020353002473711967, -0.0018549496307969093, -0.001674599014222622, -0.0014942483976483345, -0.001313897781074047, -0.0011335471644997597, -0.0009531965479254723, -0.0007728459313511848, -0.0005924953147768974, -0.00041214469820261, -0.0002317940816283226, -5.144346505403519e-05, 0.00012890715152025223, 0.00030925776809453964, 0.0004896083846688271, 0.0006699590012431145, 0.0008503096178174019, 0.0010306602343916893, 0.0012110108509659767, 0.0013913614675402641, 0.0015717120841145515, 0.001752062700688839, 0.0019324133172631264, 0.002112763933837414, 0.002293114550411701, 0.0024734651669859886, 0.002653815783560276, 0.0028341664001345634, 0.003014517016708851, 0.0031948676332831383, 0.0033752182498574257, 0.003555568866431713, 0.0037359194830060005, 0.003916270099580288, 0.004096620716154575, 0.004276971332728863, 0.00445732194930315, 0.004637672565877438, 0.004818023182451725, 0.004998373799026012, 0.0051787244156003, 0.005359075032174587]}, "gradients/fc2.weight": {"_type": "histogram", "values": [1.0, 0.0, 1.0, 0.0, 0.0, 3.0, 5.0, 1.0, 3.0, 5.0, 2.0, 2.0, 0.0, 0.0, 1.0, 0.0, 0.0, 1.0, 0.0, 1.0, 1.0, 2.0, 5.0, 2.0, 3.0, 0.0, 0.0, 0.0, 0.0, 0.0, 0.0, 0.0, 0.0, 0.0, 57.0, 0.0, 0.0, 0.0, 0.0, 0.0, 0.0, 0.0, 0.0, 2.0, 3.0, 3.0, 8.0, 7.0, 9.0, 5.0, 5.0, 1.0, 2.0, 0.0, 1.0, 0.0, 0.0, 3.0, 0.0, 2.0, 1.0, 0.0, 0.0, 2.0], "bins": [-0.023721497505903244, -0.023034026846289635, -0.022346556186676025, -0.021659083664417267, -0.020971613004803658, -0.020284142345190048, -0.01959666982293129, -0.01890919916331768, -0.01822172850370407, -0.01753425784409046, -0.016846787184476852, -0.016159314662218094, -0.015471844002604485, -0.014784373342990875, -0.014096901752054691, -0.013409430161118507, -0.012721959501504898, -0.012034488841891289, -0.011347017250955105, -0.010659545660018921, -0.009972075000405312, -0.009284604340791702, -0.008597132749855518, -0.007909661158919334, -0.007222190499305725, -0.0065347193740308285, -0.005847248248755932, -0.005159777123481035, -0.004472305998206139, -0.003784834872931242, -0.0030973637476563454, -0.0024098926223814487, -0.0017224233597517014, -0.0010349522344768047, -0.0003474811092019081, 0.0003399900160729885, 0.0010274611413478851, 0.0017149322666227818, 0.0024024033918976784, 0.003089874517172575, 0.0037773456424474716, 0.004464816767722368, 0.005152287892997265, 0.0058397590182721615, 0.006527230143547058, 0.007214701268821955, 0.007902172394096851, 0.008589643985033035, 0.009277114644646645, 0.009964585304260254, 0.010652056895196438, 0.011339528486132622, 0.012026999145746231, 0.01271446980535984, 0.013401941396296024, 0.014089412987232208, 0.014776883646845818, 0.015464354306459427, 0.016151826828718185, 0.016839297488331795, 0.017526768147945404, 0.018214238807559013, 0.018901709467172623, 0.01958918198943138, 0.02027665264904499]}, "gradients/fc1.bias": {"_type": "histogram", "values": [1.0, 0.0, 0.0, 0.0, 0.0, 0.0, 0.0, 0.0, 0.0, 0.0, 0.0, 0.0, 0.0, 0.0, 0.0, 0.0, 1.0, 0.0, 1.0, 0.0, 0.0, 1.0, 0.0, 0.0, 1.0, 0.0, 1.0, 1.0, 3.0, 0.0, 2.0, 1.0, 0.0, 0.0, 0.0, 0.0, 1.0, 2.0, 3.0, 0.0, 0.0, 2.0, 0.0, 3.0, 1.0, 3.0, 0.0, 0.0, 0.0, 0.0, 1.0, 0.0, 0.0, 1.0, 0.0, 0.0, 19.0, 0.0, 0.0, 0.0, 0.0, 0.0, 0.0, 1.0], "bins": [-0.008661428466439247, -0.008506903424859047, -0.008352377451956272, -0.008197852410376072, -0.008043326437473297, -0.007888801395893097, -0.007734275422990322, -0.007579750381410122, -0.007425224408507347, -0.00727069890126586, -0.007116173394024372, -0.006961647886782885, -0.006807122379541397, -0.00665259687229991, -0.006498071365058422, -0.006343546323478222, -0.006189020816236734, -0.006034495308995247, -0.005879969801753759, -0.005725444294512272, -0.005570918787270784, -0.005416393280029297, -0.005261867772787809, -0.005107342265546322, -0.004952817223966122, -0.004798291716724634, -0.004643766209483147, -0.004489240702241659, -0.004334715195000172, -0.004180189687758684, -0.004025664180517197, -0.003871138906106353, -0.0037166127003729343, -0.003562087193131447, -0.0034075616858899593, -0.003253036178648472, -0.0030985106714069843, -0.002943985164165497, -0.002789459889754653, -0.0026349343825131655, -0.002480408875271678, -0.0023258833680301905, -0.002171357860788703, -0.0020168323535472155, -0.0018623069627210498, -0.0017077814554795623, -0.0015532560646533966, -0.001398730557411909, -0.0012442050501704216, -0.001089679542928934, -0.0009351540938951075, -0.0007806286448612809, -0.0006261031376197934, -0.0004715776303783059, -0.0003170521813444793, -0.00016252673231065273, -8.00122506916523e-06, 0.00014652425306849182, 0.00030104973120614886, 0.0004555752093438059, 0.000610100687481463, 0.0007646261947229505, 0.000919151643756777, 0.0010736770927906036, 0.0012282026000320911]}, "gradients/fc1.weight": {"_type": "histogram", "values": [2.0, 0.0, 1.0, 2.0, 2.0, 1.0, 0.0, 0.0, 1.0, 0.0, 0.0, 0.0, 0.0, 1.0, 0.0, 0.0, 1.0, 3.0, 7.0, 0.0, 8.0, 10.0, 4.0, 11.0, 9.0, 30.0, 60.0, 61.0, 57.0, 112.0, 254.0, 456.0, 704.0, 1487.0, 2896.0, 13673.0, 2866.0, 1159.0, 547.0, 255.0, 128.0, 57.0, 45.0, 35.0, 19.0, 9.0, 6.0, 3.0, 1.0, 4.0, 4.0, 1.0, 3.0, 1.0, 0.0, 1.0, 0.0, 0.0, 1.0, 0.0, 0.0, 0.0, 1.0, 1.0], "bins": [-0.002355276606976986, -0.0022887398954480886, -0.0022222031839191914, -0.002155666472390294, -0.002089129760861397, -0.002022592816501856, -0.0019560561049729586, -0.0018895193934440613, -0.001822982681915164, -0.0017564459703862667, -0.0016899092588573694, -0.0016233724309131503, -0.001556835719384253, -0.0014902990078553557, -0.0014237621799111366, -0.0013572254683822393, -0.001290688756853342, -0.0012241520453244448, -0.0011576153337955475, -0.0010910785058513284, -0.001024541794322431, -0.0009580050827935338, -0.0008914683130569756, -0.0008249315433204174, -0.0007583948317915201, -0.0006918581202626228, -0.0006253213505260646, -0.0005587845807895064, -0.0004922478692606091, -0.0004257111286278814, -0.00035917438799515367, -0.0002926376473624259, -0.00022610067389905453, -0.00015956393326632679, -9.302719263359904e-05, -2.64904520008713e-05, 4.004628863185644e-05, 0.00010658302926458418, 0.00017311976989731193, 0.00023965651053003967, 0.0003061932511627674, 0.00037272999179549515, 0.0004392667324282229, 0.0005058035021647811, 0.0005723402136936784, 0.0006388769252225757, 0.0007054136949591339, 0.0007719504646956921, 0.0008384871762245893, 0.0009050238877534866, 0.0009715606574900448, 0.001038097427226603, 0.0011046341387555003, 0.0011711708502843976, 0.0012377076782286167, 0.001304244389757514, 0.0013707811012864113, 0.0014373178128153086, 0.0015038545243442059, 0.001570391352288425, 0.0016369280638173223, 0.0017034647753462195, 0.0017700016032904387, 0.001836538314819336, 0.0019030750263482332]}, "_wandb": {"runtime": 10}}