{"mean_loss_test": 1.3490806818008423, "mean_accuracy_test": 0.643, "_timestamp": 1661072994.8218637, "_runtime": 30.16900062561035, "_step": 999, "gradients/conv2.bias": {"_type": "histogram", "values": [1.0, 0.0, 0.0, 0.0, 0.0, 0.0, 0.0, 0.0, 0.0, 0.0, 0.0, 0.0, 0.0, 0.0, 0.0, 0.0, 0.0, 0.0, 0.0, 0.0, 0.0, 0.0, 0.0, 0.0, 0.0, 0.0, 0.0, 0.0, 0.0, 0.0, 0.0, 0.0, 0.0, 0.0, 1.0, 1.0, 1.0, 1.0, 0.0, 0.0, 0.0, 0.0, 0.0, 0.0, 0.0, 0.0, 0.0, 0.0, 0.0, 0.0, 0.0, 0.0, 0.0, 0.0, 0.0, 0.0, 0.0, 0.0, 0.0, 0.0, 0.0, 0.0, 0.0, 1.0], "bins": [-0.00018435544916428626, -0.00017899557133205235, -0.00017363569349981844, -0.00016827581566758454, -0.0001629159232834354, -0.0001575560454512015, -0.0001521961676189676, -0.0001468362897867337, -0.00014147639740258455, -0.00013611651957035065, -0.00013075664173811674, -0.00012539676390588284, -0.0001200368715217337, -0.0001146769936894998, -0.00010931711585726589, -0.00010395723802503198, -9.859736019279808e-05, -9.323748236056417e-05, -8.787759725237265e-05, -8.251771942013875e-05, -7.715783431194723e-05, -7.179795647971332e-05, -6.643807864747941e-05, -6.107820081524551e-05, -5.57183229830116e-05, -5.035844151279889e-05, -4.499856004258618e-05, -3.963868221035227e-05, -3.427880074013956e-05, -2.8918919269926846e-05, -2.355904143769294e-05, -1.8199159967480227e-05, -1.28392712213099e-05, -7.479390660591889e-06, -2.119510099873878e-06, 3.2403695513494313e-06, 8.600251021562144e-06, 1.3960132491774857e-05, 1.9320010324008763e-05, 2.4679891794221476e-05, 3.0039780540391803e-05, 3.5399662010604516e-05, 4.075954348081723e-05, 4.6119421313051134e-05, 5.147930278326385e-05, 5.683918425347656e-05, 6.219906208571047e-05, 6.755893991794437e-05, 7.291881775017828e-05, 7.827869558241218e-05, 8.36385806906037e-05, 8.899845852283761e-05, 9.435834363102913e-05, 9.971822146326303e-05, 0.00010507809929549694, 0.00011043797712773085, 0.00011579786223592237, 0.00012115774006815627, 0.0001265176251763478, 0.0001318775030085817, 0.0001372373808408156, 0.00014259727322496474, 0.00014795715105719864, 0.00015331702888943255, 0.00015867690672166646]}, "gradients/conv2.lin.weight": {"_type": "histogram", "values": [1.0, 0.0, 0.0, 0.0, 0.0, 0.0, 0.0, 0.0, 0.0, 1.0, 0.0, 1.0, 0.0, 0.0, 0.0, 0.0, 0.0, 0.0, 0.0, 0.0, 0.0, 0.0, 1.0, 0.0, 0.0, 1.0, 1.0, 2.0, 2.0, 1.0, 3.0, 0.0, 5.0, 3.0, 5.0, 0.0, 0.0, 2.0, 1.0, 2.0, 0.0, 1.0, 1.0, 1.0, 1.0, 3.0, 0.0, 4.0, 5.0, 2.0, 4.0, 3.0, 2.0, 4.0, 3.0, 2.0, 2.0, 2.0, 1.0, 0.0, 1.0, 1.0, 1.0, 2.0], "bins": [-0.0012016595574095845, -0.001173605676740408, -0.0011455519124865532, -0.0011174980318173766, -0.0010894442675635219, -0.0010613903868943453, -0.0010333366226404905, -0.001005282741971314, -0.0009772289777174592, -0.0009491751552559435, -0.0009211213327944279, -0.0008930675103329122, -0.0008650136878713965, -0.0008369598654098809, -0.0008089060429483652, -0.0007808522204868495, -0.0007527983980253339, -0.0007247445755638182, -0.0006966907531023026, -0.0006686369306407869, -0.0006405831081792712, -0.0006125292857177556, -0.0005844754632562399, -0.0005564216407947242, -0.0005283677601255476, -0.000500313937664032, -0.0004722601152025163, -0.00044420629274100065, -0.000416152470279485, -0.0003880986478179693, -0.00036004482535645366, -0.000331991002894938, -0.0003039371804334223, -0.00027588335797190666, -0.000247829535510391, -0.00021977571304887533, -0.00019172189058735967, -0.00016366805357392877, -0.0001356142311124131, -0.00010756040865089744, -7.9506600741297e-05, -5.145277827978134e-05, -2.339895218028687e-05, 4.654873919207603e-06, 3.270869638072327e-05, 6.076252611819655e-05, 8.881634857971221e-05, 0.00011687017104122788, 0.00014492400805465877, 0.00017297783051617444, 0.0002010316529776901, 0.00022908547543920577, 0.00025713929790072143, 0.00028519314946606755, 0.0003132469719275832, 0.0003413007943890989, 0.00036935461685061455, 0.0003974084393121302, 0.0004254622617736459, 0.00045351608423516154, 0.0004815699066966772, 0.0005096237291581929, 0.0005376775516197085, 0.0005657313740812242, 0.0005937851965427399]}, "gradients/conv1.bias": {"_type": "histogram", "values": [1.0, 0.0, 0.0, 0.0, 0.0, 0.0, 0.0, 0.0, 0.0, 0.0, 0.0, 0.0, 0.0, 1.0, 0.0, 0.0, 0.0, 0.0, 0.0, 0.0, 1.0, 0.0, 0.0, 0.0, 0.0, 0.0, 0.0, 0.0, 0.0, 0.0, 0.0, 0.0, 1.0, 0.0, 0.0, 0.0, 0.0, 1.0, 1.0, 0.0, 0.0, 1.0, 0.0, 0.0, 0.0, 0.0, 1.0, 0.0, 1.0, 0.0, 1.0, 0.0, 0.0, 0.0, 0.0, 0.0, 0.0, 0.0, 0.0, 0.0, 2.0, 0.0, 0.0, 1.0], "bins": [-0.0001473032752983272, -0.00014594571257475764, -0.0001445881644031033, -0.00014323060167953372, -0.00014187305350787938, -0.0001405154907843098, -0.00013915794261265546, -0.0001378003798890859, -0.00013644283171743155, -0.00013508526899386197, -0.00013372772082220763, -0.00013237015809863806, -0.00013101260992698371, -0.00012965504720341414, -0.0001282974990317598, -0.00012693993630819023, -0.00012558237358462065, -0.00012422481086105108, -0.00012286726268939674, -0.00012150970724178478, -0.00012015215179417282, -0.00011879458907060325, -0.0001174370336229913, -0.00011607947817537934, -0.00011472193000372499, -0.00011336437455611303, -0.00011200681910850108, -0.00011064926366088912, -0.00010929170821327716, -0.00010793414548970759, -0.00010657659004209563, -0.00010521903459448367, -0.0001038614718709141, -0.00010250391642330214, -0.00010114636097569019, -9.978880552807823e-05, -9.843125008046627e-05, -9.70736873568967e-05, -9.571613190928474e-05, -9.435857646167278e-05, -9.300102829001844e-05, -9.164347284240648e-05, -9.028591739479452e-05, -8.892836194718257e-05, -8.757080649957061e-05, -8.621324377600104e-05, -8.485568832838908e-05, -8.349813288077712e-05, -8.214057743316516e-05, -8.07830219855532e-05, -7.942546653794125e-05, -7.806791109032929e-05, -7.671035564271733e-05, -7.535279291914776e-05, -7.39952374715358e-05, -7.263768202392384e-05, -7.128012657631189e-05, -6.992257112869993e-05, -6.856501568108797e-05, -6.720746023347601e-05, -6.584990478586406e-05, -6.449234206229448e-05, -6.313478661468253e-05, -6.177723116707057e-05, -6.041967571945861e-05]}, "gradients/conv1.lin.weight": {"_type": "histogram", "values": [1.0, 1.0, 0.0, 1.0, 0.0, 0.0, 0.0, 0.0, 1.0, 0.0, 1.0, 0.0, 0.0, 1.0, 0.0, 3.0, 0.0, 0.0, 0.0, 3.0, 2.0, 4.0, 1.0, 3.0, 2.0, 12.0, 8.0, 12.0, 8.0, 17.0, 22.0, 32.0, 40.0, 48.0, 68.0, 135.0, 227.0, 373.0, 707.0, 1537.0, 3559.0, 14676.0, 23547.0, 2166.0, 579.0, 171.0, 83.0, 41.0, 19.0, 7.0, 7.0, 6.0, 2.0, 2.0, 1.0, 0.0, 0.0, 1.0, 0.0, 0.0, 0.0, 1.0, 0.0, 1.0], "bins": [-0.00010204332647845149, -9.961587784346193e-05, -9.718843648442999e-05, -9.476098784944043e-05, -9.233353921445087e-05, -8.99060905794613e-05, -8.747864922042936e-05, -8.50512005854398e-05, -8.262375195045024e-05, -8.019630331546068e-05, -7.776886195642874e-05, -7.534141332143918e-05, -7.291396468644962e-05, -7.048651605146006e-05, -6.805907469242811e-05, -6.563162605743855e-05, -6.320417742244899e-05, -6.077673242543824e-05, -5.834928379044868e-05, -5.592183879343793e-05, -5.349439015844837e-05, -5.1066945161437616e-05, -4.863950016442686e-05, -4.6212051529437304e-05, -4.378461017040536e-05, -4.1357165173394606e-05, -3.8929716538405046e-05, -3.650227154139429e-05, -3.4074822906404734e-05, -3.164737790939398e-05, -2.9219931093393825e-05, -2.679248427739367e-05, -2.436503564240411e-05, -2.1937588826403953e-05, -1.9510142010403797e-05, -1.7082697013393044e-05, -1.4655249287898187e-05, -1.222780247189803e-05, -9.800356565392576e-06, -7.37290974939242e-06, -4.94546111440286e-06, -2.5180145257763797e-06, -9.056793714989908e-08, 2.336878424102906e-06, 4.764325240103062e-06, 7.191772056103218e-06, 9.619217962608673e-06, 1.2046664778608829e-05, 1.4474109775619581e-05, 1.6901556591619737e-05, 1.9329003407619894e-05, 2.1756448404630646e-05, 2.4183897039620206e-05, 2.661134203663096e-05, 2.9038788852631114e-05, 3.146623566863127e-05, 3.389368066564202e-05, 3.6321125662652776e-05, 3.8748574297642335e-05, 4.117601929465309e-05, 4.360346792964265e-05, 4.60309129266534e-05, 4.845835792366415e-05, 5.088580655865371e-05, 5.331325519364327e-05]},