{"mean_loss_train": 0.006166414823383093, "_timestamp": 1661074655.1370337, "_runtime": 9.503999710083008, "_step": 399, "mean_loss_test": 1.3262333869934082, "mean_accuracy_test": 0.521, "gradients/fc2.bias": {"_type": "histogram", "values": [1.0, 0.0, 0.0, 0.0, 0.0, 0.0, 0.0, 0.0, 0.0, 0.0, 0.0, 0.0, 0.0, 0.0, 0.0, 0.0, 1.0, 0.0, 0.0, 0.0, 0.0, 0.0, 0.0, 0.0, 0.0, 0.0, 0.0, 0.0, 0.0, 0.0, 0.0, 0.0, 0.0, 0.0, 0.0, 0.0, 0.0, 0.0, 0.0, 0.0, 1.0, 0.0, 0.0, 0.0, 0.0, 0.0, 0.0, 0.0, 1.0, 0.0, 0.0, 0.0, 1.0, 0.0, 0.0, 0.0, 0.0, 0.0, 0.0, 0.0, 0.0, 0.0, 0.0, 1.0], "bins": [-0.0005763279623351991, -0.0005607426282949746, -0.0005451573524624109, -0.0005295720184221864, -0.0005139866843819618, -0.0004984013503417373, -0.00048281607450917363, -0.0004672307404689491, -0.000451645435532555, -0.0004360601305961609, -0.00042047479655593634, -0.00040488949161954224, -0.00038930418668314815, -0.0003737188526429236, -0.0003581335477065295, -0.0003425482427701354, -0.00032696290872991085, -0.00031137760379351676, -0.0002957922697532922, -0.0002802069648168981, -0.00026462163077667356, -0.00024903632584027946, -0.00023345102090388536, -0.00021786570141557604, -0.00020228038192726672, -0.0001866950624389574, -0.00017110974295064807, -0.00015552443801425397, -0.00013993911852594465, -0.00012435379903763533, -0.00010876848682528362, -9.318317461293191e-05, -7.759788422845304e-05, -6.201256474014372e-05, -4.642725252779201e-05, -3.084193667746149e-05, -1.5256620827130973e-05, 3.2869866117835045e-07, 1.591401087353006e-05, 3.149932308588177e-05, 4.7084642574191093e-05, 6.266996206250042e-05, 7.825527427485213e-05, 9.384058648720384e-05, 0.00010942590597551316, 0.00012501122546382248, 0.00014059653040021658, 0.0001561818498885259, 0.00017176716937683523, 0.00018735248886514455, 0.00020293780835345387, 0.00021852311328984797, 0.0002341084327781573, 0.0002496937522664666, 0.0002652790572028607, 0.0002808643621392548, 0.00029644969617947936, 0.00031203500111587346, 0.000327620335156098, 0.0003432056400924921, 0.00035879097413271666, 0.00037437627906911075, 0.00038996158400550485, 0.0004055469180457294, 0.0004211322229821235]}, "gradients/fc2.weight": {"_type": "histogram", "values": [1.0, 0.0, 0.0, 0.0, 0.0, 0.0, 0.0, 2.0, 1.0, 0.0, 0.0, 1.0, 3.0, 0.0, 0.0, 5.0, 3.0, 0.0, 2.0, 2.0, 1.0, 3.0, 10.0, 6.0, 8.0, 10.0, 7.0, 10.0, 3.0, 7.0, 6.0, 17.0, 8.0, 14.0, 5.0, 6.0, 2.0, 4.0, 3.0, 3.0, 2.0, 2.0, 0.0, 5.0, 4.0, 11.0, 5.0, 12.0, 15.0, 9.0, 10.0, 16.0, 4.0, 8.0, 5.0, 17.0, 5.0, 6.0, 6.0, 1.0, 0.0, 3.0, 0.0, 1.0], "bins": [-0.0028160300571471453, -0.0027440087869763374, -0.002671987283974886, -0.002599966013804078, -0.0025279445108026266, -0.0024559232406318188, -0.0023839017376303673, -0.0023118804674595594, -0.0022398591972887516, -0.0021678379271179438, -0.0020958164241164923, -0.0020237951539456844, -0.001951773650944233, -0.001879752380773425, -0.0018077309941872954, -0.0017357096076011658, -0.0016636881045997143, -0.0015916667180135846, -0.001519645331427455, -0.0014476239448413253, -0.0013756025582551956, -0.0013035812880843878, -0.0012315599014982581, -0.0011595385149121284, -0.0010875171283259988, -0.0010154957417398691, -0.0009434743551537395, -0.0008714530267752707, -0.000799431640189141, -0.0007274102536030114, -0.0006553889252245426, -0.000583367538638413, -0.0005113461520522833, -0.0004393247654661536, -0.0003673034079838544, -0.0002952820505015552, -0.00022326066391542554, -0.00015123927732929587, -7.921791984699667e-05, -7.196562364697456e-06, 6.482482422143221e-05, 0.00013684619625564665, 0.00020886756828986108, 0.0002808889257721603, 0.00035291031235828996, 0.0004249316989444196, 0.0004969530273228884, 0.000568974413909018, 0.0006409958004951477, 0.0007130171870812774, 0.000785038573667407, 0.0008570599020458758, 0.0009290812886320055, 0.0010011026170104742, 0.0010731240035966039, 0.0011451453901827335, 0.0012171667767688632, 0.0012891881633549929, 0.0013612095499411225, 0.0014332309365272522, 0.00150525220669806, 0.0015772737096995115, 0.0016492949798703194, 0.001721316366456449, 0.0017933377530425787]}, "gradients/fc1.bias": {"_type": "histogram", "values": [1.0, 0.0, 1.0, 0.0, 0.0, 0.0, 0.0, 0.0, 0.0, 1.0, 0.0, 0.0, 1.0, 0.0, 0.0, 0.0, 0.0, 1.0, 2.0, 0.0, 1.0, 0.0, 0.0, 2.0, 0.0, 3.0, 0.0, 1.0, 0.0, 0.0, 1.0, 2.0, 1.0, 0.0, 3.0, 1.0, 0.0, 1.0, 1.0, 1.0, 2.0, 0.0, 3.0, 1.0, 0.0, 1.0, 2.0, 2.0, 1.0, 0.0, 2.0, 1.0, 2.0, 0.0, 1.0, 2.0, 0.0, 0.0, 0.0, 1.0, 2.0, 1.0, 0.0, 1.0], "bins": [-0.00044745468767359853, -0.00044253410305827856, -0.0004376135184429586, -0.0004326929338276386, -0.00042777234921231866, -0.0004228517645969987, -0.0004179311799816787, -0.00041301059536635876, -0.0004080900107510388, -0.0004031694261357188, -0.00039824884152039886, -0.0003933282569050789, -0.0003884076722897589, -0.00038348708767443895, -0.000378566503059119, -0.000373645918443799, -0.00036872533382847905, -0.0003638047492131591, -0.0003588841645978391, -0.00035396357998251915, -0.0003490429953671992, -0.0003441224107518792, -0.00033920182613655925, -0.0003342812415212393, -0.00032936062780208886, -0.0003244400431867689, -0.0003195194585714489, -0.00031459887395612895, -0.000309678289340809, -0.000304757704725489, -0.00029983712011016905, -0.0002949165354948491, -0.0002899959508795291, -0.00028507536626420915, -0.0002801547816488892, -0.0002752341970335692, -0.00027031361241824925, -0.0002653930278029293, -0.0002604724431876093, -0.00025555185857228935, -0.0002506312739569694, -0.0002457106893416494, -0.00024079010472632945, -0.00023586952011100948, -0.0002309489354956895, -0.00022602835088036954, -0.00022110776626504958, -0.0002161871816497296, -0.00021126658248249441, -0.00020634599786717445, -0.00020142541325185448, -0.0001965048286365345, -0.00019158424402121454, -0.00018666365940589458, -0.0001817430747905746, -0.00017682247562333941, -0.00017190189100801945, -0.00016698130639269948, -0.0001620607217773795, -0.00015714013716205955, -0.00015221955254673958, -0.0001472989679314196, -0.00014237838331609964, -0.00013745779870077968, -0.0001325372140854597]}, "gradients/fc1.weight": {"_type": "histogram", "values": [1.0, 0.0, 0.0, 0.0, 1.0, 1.0, 2.0, 3.0, 3.0, 0.0, 3.0, 4.0, 4.0, 3.0, 3.0, 1.0, 6.0, 10.0, 4.0, 17.0, 11.0, 15.0, 31.0, 26.0, 34.0, 58.0, 65.0, 103.0, 101.0, 121.0, 181.0, 237.0, 327.0, 422.0, 581.0, 883.0, 1332.0, 2238.0, 4078.0, 7740.0, 14837.0, 131821.0, 9175.0, 6150.0, 2429.0, 1055.0, 480.0, 238.0, 122.0, 73.0, 38.0, 33.0, 9.0, 8.0, 14.0, 6.0, 4.0, 0.0, 1.0, 2.0, 1.0, 1.0, 0.0, 3.0],