{"mean_loss_train": 0.025129515677690506, "_timestamp": 1661074632.292034, "_runtime": 6.279000997543335, "_step": 399, "mean_loss_test": 1.4249866008758545, "mean_accuracy_test": 0.514, "gradients/fc2.bias": {"_type": "histogram", "values": [1.0, 0.0, 0.0, 0.0, 0.0, 0.0, 0.0, 0.0, 0.0, 0.0, 0.0, 0.0, 0.0, 0.0, 0.0, 0.0, 0.0, 0.0, 1.0, 0.0, 0.0, 0.0, 0.0, 0.0, 0.0, 0.0, 0.0, 0.0, 0.0, 0.0, 0.0, 0.0, 0.0, 0.0, 0.0, 0.0, 0.0, 1.0, 0.0, 1.0, 0.0, 0.0, 0.0, 0.0, 1.0, 0.0, 1.0, 0.0, 0.0, 0.0, 0.0, 0.0, 0.0, 0.0, 0.0, 0.0, 0.0, 0.0, 0.0, 0.0, 0.0, 0.0, 0.0, 1.0], "bins": [-0.0015035995747894049, -0.0014616604894399643, -0.0014197214040905237, -0.0013777823187410831, -0.0013358431169763207, -0.0012939040316268802, -0.0012519649462774396, -0.001210025860927999, -0.0011680866591632366, -0.001126147573813796, -0.0010842084884643555, -0.001042269403114915, -0.0010003302013501525, -0.0009583911160007119, -0.0009164520306512713, -0.0008745129453018308, -0.0008325738599523902, -0.0007906347746029496, -0.0007486956310458481, -0.0007067565456964076, -0.0006648174021393061, -0.0006228783167898655, -0.0005809392314404249, -0.0005390001460909843, -0.0004970610607415438, -0.00045512194628827274, -0.0004131828318350017, -0.00037124374648556113, -0.0003293046320322901, -0.00028736551757901907, -0.0002454264322295785, -0.00020348731777630746, -0.00016154814511537552, -0.0001196090379380621, -7.766993076074868e-05, -3.573083085939288e-05, 6.20828359387815e-06, 4.814739804714918e-05, 9.008648339658976e-05, 0.0001320255978498608, 0.00017396477051079273, 0.00021590388496406376, 0.0002578429994173348, 0.00029978208476677537, 0.0003417211992200464, 0.00038366031367331743, 0.000425599399022758, 0.00046753851347602904, 0.0005094775697216392, 0.0005514166550710797, 0.0005933557986281812, 0.0006352948839776218, 0.0006772340275347233, 0.0007191731128841639, 0.0007611121982336044, 0.000803051283583045, 0.0008449904271401465, 0.0008869295124895871, 0.0009288686560466886, 0.0009708077413961291, 0.0010127468267455697, 0.001054686028510332, 0.0010966251138597727, 0.0011385641992092133, 0.0011805032845586538]}, "gradients/fc2.weight": {"_type": "histogram", "values": [2.0, 2.0, 2.0, 0.0, 5.0, 6.0, 8.0, 11.0, 8.0, 20.0, 13.0, 7.0, 6.0, 8.0, 7.0, 9.0, 18.0, 10.0, 10.0, 6.0, 3.0, 3.0, 3.0, 1.0, 2.0, 2.0, 1.0, 1.0, 0.0, 0.0, 1.0, 0.0, 1.0, 2.0, 3.0, 8.0, 4.0, 5.0, 15.0, 11.0, 13.0, 18.0, 9.0, 10.0, 8.0, 9.0, 13.0, 7.0, 5.0, 6.0, 10.0, 4.0, 4.0, 2.0, 2.0, 1.0, 0.0, 0.0, 1.0, 0.0, 1.0, 1.0, 0.0, 2.0], "bins": [-0.0027238260954618454, -0.002627802547067404, -0.002531779231503606, -0.0024357556831091642, -0.0023397321347147226, -0.0022437088191509247, -0.002147685270756483, -0.0020516617223620415, -0.0019556384067982435, -0.0018596149748191237, -0.0017635914264246821, -0.0016675679944455624, -0.0015715445624664426, -0.0014755211304873228, -0.0013794975820928812, -0.0012834741501137614, -0.0011874506017193198, -0.0010914271697402, -0.0009954036213457584, -0.0008993801893666387, -0.0008033567573875189, -0.0007073332672007382, -0.0006113097770139575, -0.0005152863450348377, -0.0004192627966403961, -0.0003232393355574459, -0.00022721585992258042, -0.00013119238428771496, -3.5168923204764724e-05, 6.085453787818551e-05, 0.0001568780280649662, 0.000252901460044086, 0.00034892489202320576, 0.000444948353106156, 0.0005409718141891062, 0.0006369953043758869, 0.0007330187363550067, 0.0008290422265417874, 0.0009250657167285681, 0.0010210891487076879, 0.0011171125806868076, 0.0012131360126659274, 0.001309159561060369, 0.0014051829930394888, 0.0015012064250186086, 0.0015972298569977283, 0.00169325340539217, 0.0017892768373712897, 0.0018853003857657313, 0.001981323817744851, 0.0020773473661392927, 0.0021733706817030907, 0.0022693942300975323, 0.002365417778491974, 0.0024614413268864155, 0.0025574646424502134, 0.002653488190844655, 0.0027495117392390966, 0.0028455350548028946, 0.002941558603197336, 0.003037582151591778, 0.0031336054671555758, 0.0032296290155500174, 0.0033256523311138153, 0.003421675879508257]}, "gradients/fc1.bias": {"_type": "histogram", "values": [1.0, 0.0, 0.0, 1.0, 0.0, 0.0, 0.0, 0.0, 1.0, 0.0, 1.0, 0.0, 2.0, 1.0, 2.0, 0.0, 2.0, 0.0, 1.0, 1.0, 0.0, 2.0, 3.0, 1.0, 3.0, 0.0, 2.0, 1.0, 2.0, 1.0, 1.0, 1.0, 2.0, 0.0, 2.0, 0.0, 1.0, 1.0, 6.0, 0.0, 1.0, 0.0, 1.0, 1.0, 0.0, 1.0, 0.0, 0.0, 1.0, 0.0, 1.0, 0.0, 0.0, 0.0, 0.0, 0.0, 0.0, 1.0, 0.0, 0.0, 0.0, 0.0, 0.0, 1.0], "bins": [-0.002627453999593854, -0.0025881638284772635, -0.0025488738901913166, -0.002509583719074726, -0.0024702935479581356, -0.002431003376841545, -0.0023917134385555983, -0.0023524232674390078, -0.0023131330963224173, -0.0022738429252058268, -0.00223455298691988, -0.0021952628158032894, -0.002155972644686699, -0.0021166824735701084, -0.0020773925352841616, -0.002038102364167571, -0.0019988124258816242, -0.0019595222547650337, -0.001920232200063765, -0.0018809421453624964, -0.0018416519742459059, -0.0018023619195446372, -0.0017630718648433685, -0.001723781693726778, -0.0016844915226101875, -0.0016452014679089189, -0.0016059112967923284, -0.0015666212420910597, -0.0015273310709744692, -0.0014880410162732005, -0.0014487509615719318, -0.0014094607904553413, -0.0013701708521693945, -0.0013308807974681258, -0.0012915906263515353, -0.0012523005716502666, -0.0012130104005336761, -0.0011737203458324075, -0.0011344302911311388, -0.0010951401200145483, -0.0010558500653132796, -0.001016560010612011, -0.0009772698394954205, -0.0009379797847941518, -0.0008986896718852222, -0.0008593995589762926, -0.000820109446067363, -0.0007808193331584334, -0.0007415291620418429, -0.0007022390491329134, -0.0006629489362239838, -0.0006236588815227151, -0.0005843687686137855, -0.0005450786557048559, -0.0005057885427959263, -0.0004664984589908272, -0.0004272083460818976, -0.00038791823317296803, -0.0003486281493678689, -0.0003093380364589393, -0.00027004792355000973, -0.0002307578397449106, -0.000191467726835981, -0.00015217764303088188, -0.00011288753739790991]}, "gradients/fc1.weight": {"_type": "histogram", "values": [1.0, 0.0, 0.0, 0.0, 0.0, 0.0, 1.0, 0.0, 0.0, 0.0, 1.0, 0.0, 1.0, 0.0, 1.0, 1.0, 1.0, 4.0, 2.0, 1.0, 2.0, 4.0, 2.0, 5.0, 6.0, 5.0, 5.0, 8.0, 8.0, 7.0, 9.0, 11.0, 14.0, 24.0, 41.0, 81.0, 96.0, 113.0, 160.0, 141.0, 237.0, 432.0, 842.0, 3832.0, 58694.0, 6101.0, 456.0, 111.0, 50.0, 41.0, 39.0, 24.0, 10.0, 6.0, 3.0, 5.0, 6.0, 0.0, 2.0, 1.0, 0.0, 0.0, 1.0, 1.0], "bins": [-0.001687957439571619, -0.001650168327614665, -0.0016123790992423892, -0.0015745899872854352, -0.0015368008753284812, -0.0014990117633715272, -0.0014612225349992514, -0.0014234334230422974, -0.0013856443110853434, -0.0013478551991283894, -0.0013100659707561135, -0.0012722768587991595, -0.0012344877468422055, -0.0011966986348852515, -0.0011589094065129757, -0.0011211202945560217, -0.0010833311825990677, -0.0010455420706421137, -0.0010077528422698379, -0.0009699637303128839, -0.0009321746183559299, -0.0008943854481913149, -0.0008565962780267, -0.000818807166069746, -0.0007810179376974702, -0.0007432287675328553, -0.0007054396555759013, -0.0006676504854112864, -0.0006298613734543324, -0.0005920722032897174, -0.0005542830331251025, -0.0005164939211681485, -0.00047870486741885543, -0.00044091572635807097, -0.0004031265852972865, -0.0003653374151326716, -0.0003275483031757176, -0.0002897591330111027, -0.0002519699919503182, -0.00021418085088953376, -0.00017639173893257976, -0.0001386025978717953, -0.00010081344953505322, -6.302430119831115e-05, -2.523516013752669e-05, 1.2553980923257768e-05, 5.0343136535957456e-05, 8.813227759674191e-05, 0.00012592144776135683, 0.0001637105888221413, 0.00020149972988292575, 0.00023928888549562544, 0.00027707801200449467, 0.0003148671821691096, 0.00035265632322989404, 0.0003904454642906785, 0.00042823460535146296, 0.0004660237464122474, 0.0005038129165768623, 0.0005416020285338163, 0.0005793911986984313, 0.0006171803106553853, 0.0006549694808200002, 0.0006927585927769542, 0.0007305477629415691]}, "_wandb": {"runtime": 5}}