{"mean_loss_train": 0.5507717132568359, "_timestamp": 1661074987.1508195, "_runtime": 19.08999752998352, "_step": 108, "mean_loss_test": 0.5798473954200745, "mean_accuracy_test": 85.97966766357422}