{"mean_loss_train": 0.5677212476730347, "_timestamp": 1661074767.8870327, "_runtime": 18.434998750686646, "_step": 399, "mean_loss_test": 0.6097056865692139, "mean_accuracy_test": 85.83224487304688, "gradients/conv2.bias": {"_type": "histogram", "values": [1.0, 1.0, 0.0, 0.0, 0.0, 0.0, 0.0, 2.0, 0.0, 0.0, 0.0, 0.0, 0.0, 1.0, 1.0, 1.0, 2.0, 0.0, 1.0, 1.0, 0.0, 0.0, 0.0, 1.0, 1.0, 3.0, 3.0, 1.0, 4.0, 4.0, 4.0, 5.0, 10.0, 3.0, 1.0, 3.0, 11.0, 4.0, 3.0, 4.0, 5.0, 5.0, 4.0, 2.0, 4.0, 1.0, 2.0, 7.0, 2.0, 2.0, 0.0, 4.0, 1.0, 1.0, 0.0, 2.0, 0.0, 0.0, 1.0, 0.0, 1.0, 0.0, 0.0, 1.0], "bins": [-0.0012941386085003614, -0.0012485624756664038, -0.001202986342832446, -0.0011574102099984884, -0.0011118340771645308, -0.0010662578279152513, -0.0010206816950812936, -0.0009751055622473359, -0.0009295294294133782, -0.0008839532965794206, -0.0008383771637454629, -0.0007928009727038443, -0.0007472248398698866, -0.000701648707035929, -0.0006560725159943104, -0.0006104963831603527, -0.000564920250326395, -0.0005193441174924374, -0.00047376795555464923, -0.0004281917936168611, -0.00038261566078290343, -0.00033703952794894576, -0.00029146336601115763, -0.0002458872040733695, -0.00020031107123941183, -0.00015473492385353893, -0.00010915877646766603, -6.358262908179313e-05, -1.800648169592023e-05, 2.756966568995267e-05, 7.314581307582557e-05, 0.0001187219750136137, 0.00016429799143224955, 0.00020987413881812245, 0.00025545028620399535, 0.0003010264481417835, 0.00034660258097574115, 0.0003921787138096988, 0.00043775487574748695, 0.0004833310376852751, 0.0005289071705192327, 0.0005744833033531904, 0.0006200594361871481, 0.0006656356272287667, 0.0007112117600627244, 0.000756787892896682, 0.0008023640839383006, 0.0008479402167722583, 0.000893516349606216, 0.0009390924824401736, 0.0009846686152741313, 0.001030244748108089, 0.0010758209973573685, 0.0011213971301913261, 0.0011669732630252838, 0.0012125493958592415, 0.0012581255286931992, 0.0013037016615271568, 0.0013492777943611145, 0.0013948539271950722, 0.0014404300600290298, 0.0014860063092783093, 0.001531582442112267, 0.0015771585749462247, 0.0016227347077801824]}, "gradients/conv2.lin.weight": {"_type": "histogram", "values": [1.0, 0.0, 0.0, 1.0, 2.0, 0.0, 2.0, 0.0, 0.0, 2.0, 2.0, 1.0, 3.0, 1.0, 4.0, 3.0, 2.0, 4.0, 6.0, 8.0, 9.0, 8.0, 21.0, 21.0, 44.0, 52.0, 70.0, 72.0, 92.0, 120.0, 118.0, 105.0, 104.0, 79.0, 75.0, 76.0, 48.0, 52.0, 40.0, 35.0, 43.0, 35.0, 27.0, 40.0, 29.0, 30.0, 18.0, 13.0, 7.0, 10.0, 7.0, 2.0, 5.0, 3.0, 5.0, 8.0, 2.0, 0.0, 3.0, 0.0, 1.0, 1.0, 0.0, 1.0], "bins": [-0.0005079078255221248, -0.000490906008053571, -0.0004739041905850172, -0.0004569023731164634, -0.00043990055564790964, -0.00042289873817935586, -0.0004058969207108021, -0.0003888951032422483, -0.0003718932857736945, -0.00035489146830514073, -0.00033788965083658695, -0.00032088783336803317, -0.0003038860158994794, -0.0002868841984309256, -0.0002698823809623718, -0.00025288056349381804, -0.00023587877512909472, -0.00021887695766054094, -0.00020187514019198716, -0.00018487332272343338, -0.0001678715052548796, -0.0001508696877863258, -0.00013386788486968726, -0.00011686606740113348, -9.986426448449492e-05, -8.286244701594114e-05, -6.586062954738736e-05, -4.8858819354791194e-05, -3.185700188623741e-05, -1.4855184417683631e-05, 2.146625774912536e-06, 1.9148443243466318e-05, 3.615027526393533e-05, 5.315209273248911e-05, 7.015391020104289e-05, 8.715572039363906e-05, 0.00010415753786219284, 0.00012115935533074662, 0.0001381611655233428, 0.00015516298299189657, 0.00017216481501236558, 0.00018916663248091936, 0.00020616844994947314, 0.00022317026741802692, 0.0002401720848865807, 0.0002571739023551345, 0.00027417571982368827, 0.00029117753729224205, 0.0003081793256569654, 0.00032518114312551916, 0.00034218296059407294, 0.0003591847780626267, 0.0003761865955311805, 0.0003931884129997343, 0.0004101902013644576, 0.0004271920188330114, 0.00044419383630156517, 0.00046119565377011895, 0.00047819747123867273, 0.0004951992887072265, 0.0005122011061757803, 0.0005292029236443341, 0.0005462047411128879, 0.0005632065585814416, 0.0005802083760499954]}, "gradients/conv1.bias": {"_type": "histogram", "values": [1.0, 0.0, 0.0, 0.0, 0.0, 0.0, 0.0, 0.0, 0.0, 0.0, 0.0, 0.0, 0.0, 0.0, 0.0, 0.0, 0.0, 0.0, 0.0, 0.0, 0.0, 0.0, 0.0, 0.0, 0.0, 0.0, 1.0, 1.0, 0.0, 0.0, 0.0, 0.0, 0.0, 0.0, 0.0, 0.0, 0.0, 0.0, 1.0, 0.0, 0.0, 1.0, 0.0, 0.0, 0.0, 1.0, 0.0, 2.0, 0.0, 0.0, 0.0, 1.0, 0.0, 1.0, 0.0, 1.0, 0.0, 0.0, 0.0, 0.0, 1.0, 0.0, 0.0, 1.0], "bins": [-0.004700982943177223, -0.004640418570488691, -0.0045798541978001595, -0.00451928935945034, -0.004458724986761808, -0.0043981606140732765, -0.004337596241384745, -0.004277031868696213, -0.004216467030346394, -0.004155902657657862, -0.00409533828496933, -0.004034773446619511, -0.003974209073930979, -0.003913644701242447, -0.0038530800957232714, -0.0037925157230347395, -0.0037319513503462076, -0.0036713869776576757, -0.0036108223721385, -0.0035502579994499683, -0.003489693393930793, -0.003429129021242261, -0.0033685644157230854, -0.0033080000430345535, -0.0032474356703460217, -0.0031868712976574898, -0.0031263066921383142, -0.0030657423194497824, -0.003005177713930607, -0.002944613341242075, -0.0028840487357228994, -0.0028234843630343676, -0.002762919757515192, -0.00270235538482666, -0.0026417907793074846, -0.0025812264066189528, -0.0025206618010997772, -0.0024600974284112453, -0.00239953282289207, -0.002338968450203538, -0.0022784038446843624, -0.0022178394719958305, -0.002157274866476655, -0.002096710493788123, -0.0020361458882689476, -0.0019755815155804157, -0.001915017026476562, -0.0018544525373727083, -0.0017938881646841764, -0.0017333236755803227, -0.001672759186476469, -0.0016121946973726153, -0.0015516302082687616, -0.0014910658355802298, -0.001430501346476376, -0.0013699368573725224, -0.0013093723682686687, -0.001248807879164815, -0.0011882433900609612, -0.0011276789009571075, -0.0010671145282685757, -0.0010065499227494001, -0.0009459855500608683, -0.0008854210609570146, -0.0008248565718531609]}, "gradients/conv1.lin.weight": {"_type": "histogram", "values": [1.0, 0.0, 0.0, 0.0, 1.0, 0.0, 0.0, 2.0, 0.0, 1.0, 2.0, 0.0, 0.0, 1.0, 1.0, 0.0, 6.0, 11.0, 3.0, 13.0, 8.0, 13.0, 18.0, 20.0, 17.0, 25.0, 32.0, 27.0, 46.0, 44.0, 45.0, 55.0, 54.0, 50.0, 40.0, 32.0, 18.0, 11.0, 18.0, 9.0, 5.0, 8.0, 2.0, 0.0, 1.0, 1.0, 1.0, 0.0, 3.0, 0.0, 2.0, 0.0, 1.0, 1.0, 0.0, 0.0, 0.0, 0.0, 0.0, 0.0, 0.0, 0.0, 0.0, 1.0], "bins": [-0.0005449187010526657, -0.0005255286814644933, -0.0005061386036686599, -0.0004867485840804875, -0.00046735856449231505, -0.00044796851580031216, -0.00042857846710830927, -0.00040918844752013683, -0.00038979839882813394, -0.00037040835013613105, -0.0003510183305479586, -0.0003316282818559557, -0.00031223823316395283, -0.0002928482135757804, -0.0002734581648837775, -0.0002540681161917746, -0.00023467809660360217, -0.0002152880624635145, -0.00019589802832342684, -0.00017650797963142395, -0.00015711794549133629, -0.00013772791135124862, -0.00011833786993520334, -9.894782851915807e-05, -7.95577943790704e-05, -6.016775660100393e-05, -4.077771882293746e-05, -2.1387681044870988e-05, -1.9976432668045163e-06, 1.7392390873283148e-05, 3.6782432289328426e-05, 5.6172473705373704e-05, 7.556244963780046e-05, 9.495248377788812e-05, 0.0001143425251939334, 0.00013373256660997868, 0.00015312260075006634, 0.000172512634890154, 0.0001919026835821569, 0.00021129271772224456, 0.00023068275186233222, 0.0002500728005543351, 0.00026946282014250755, 0.00028885286883451045, 0.00030824291752651334, 0.0003276329371146858, 0.00034702298580668867, 0.00036641303449869156, 0.000385803054086864, 0.0004051931027788669, 0.0004245831223670393, 0.0004439731710590422, 0.00046336319064721465, 0.00048275323933921754, 0.0005021432880312204, 0.0005215333076193929, 0.0005409233272075653, 0.0005603133467957377, 0.0005797034245915711, 0.0005990934441797435, 0.000618483463767916, 0.0006378735415637493, 0.0006572635611519217, 0.0006766535807400942, 0.0006960436585359275]},