{"mean_loss_test": 0.713153064250946, "mean_accuracy_test": 0.774, "_timestamp": 1661072865.1542156, "_runtime": 26.581997632980347, "_step": 999, "gradients/conv2.bias": {"_type": "histogram", "values": [1.0, 0.0, 0.0, 0.0, 0.0, 0.0, 0.0, 0.0, 0.0, 0.0, 0.0, 0.0, 0.0, 0.0, 0.0, 0.0, 0.0, 0.0, 0.0, 0.0, 0.0, 0.0, 0.0, 0.0, 0.0, 0.0, 0.0, 0.0, 0.0, 0.0, 0.0, 0.0, 0.0, 1.0, 0.0, 0.0, 0.0, 0.0, 0.0, 0.0, 0.0, 0.0, 0.0, 1.0, 0.0, 0.0, 0.0, 0.0, 1.0, 0.0, 0.0, 0.0, 0.0, 0.0, 0.0, 0.0, 0.0, 0.0, 1.0, 0.0, 0.0, 0.0, 1.0, 1.0], "bins": [-0.00026974573847837746, -0.0002636486024130136, -0.00025755149545148015, -0.00025145435938611627, -0.00024535725242458284, -0.00023926011635921896, -0.0002331629948457703, -0.00022706587333232164, -0.000220968751818873, -0.00021487163030542433, -0.00020877450879197568, -0.00020267738727852702, -0.00019658025121316314, -0.00019048312969971448, -0.00018438600818626583, -0.00017828888667281717, -0.00017219176515936852, -0.00016609464364591986, -0.0001599975221324712, -0.00015390038606710732, -0.00014780326455365866, -0.00014170614304021, -0.00013560902152676135, -0.0001295119000133127, -0.0001234147639479488, -0.00011731764243450016, -0.00011122051364509389, -0.00010512339213164523, -9.902627061819658e-05, -9.292914182879031e-05, -8.683202031534165e-05, -8.0734898801893e-05, -7.463777728844434e-05, -6.854065577499568e-05, -6.244352698558941e-05, -5.634640547214076e-05, -5.0249283958692104e-05, -4.415215880726464e-05, -3.805503365583718e-05, -3.195791214238852e-05, -2.5860790628939867e-05, -1.9763667296501808e-05, -1.3666543054569047e-05, -7.569418812636286e-06, -1.4722954801982269e-06, 4.624827852239832e-06, 1.0721953003667295e-05, 1.681907451711595e-05, 2.291620330652222e-05, 2.901332663896028e-05, 3.511044997139834e-05, 4.12075751228258e-05, 4.730469663627446e-05, 5.340182178770192e-05, 5.949894693912938e-05, 6.559606845257804e-05, 7.169319724198431e-05, 7.779031875543296e-05, 8.388744754483923e-05, 8.998456905828789e-05, 9.608169057173654e-05, 0.00010217881936114281, 0.00010827594087459147, 0.00011437306238804013, 0.00012047018390148878]}, "gradients/conv2.lin.weight": {"_type": "histogram", "values": [1.0, 0.0, 0.0, 0.0, 0.0, 0.0, 0.0, 0.0, 0.0, 0.0, 0.0, 0.0, 1.0, 0.0, 1.0, 1.0, 2.0, 2.0, 0.0, 0.0, 3.0, 2.0, 4.0, 2.0, 2.0, 2.0, 2.0, 2.0, 2.0, 3.0, 4.0, 0.0, 0.0, 1.0, 2.0, 1.0, 1.0, 0.0, 3.0, 2.0, 1.0, 2.0, 4.0, 0.0, 6.0, 2.0, 5.0, 7.0, 3.0, 4.0, 0.0, 0.0, 0.0, 1.0, 2.0, 0.0, 0.0, 4.0, 0.0, 1.0, 2.0, 0.0, 0.0, 1.0], "bins": [-0.0015405979938805103, -0.0014992980286478996, -0.0014579981798306108, -0.001416698214598, -0.0013753982493653893, -0.0013340982841327786, -0.0012927984353154898, -0.001251498470082879, -0.0012101985048502684, -0.0011688985396176577, -0.0011275986908003688, -0.001086298725567758, -0.0010449987603351474, -0.0010036987951025367, -0.0009623989462852478, -0.0009210989810526371, -0.0008797990740276873, -0.0008384991670027375, -0.0007971992017701268, -0.000755899294745177, -0.0007145993295125663, -0.0006732994224876165, -0.0006319994572550058, -0.000590699550230056, -0.0005493996432051063, -0.0005080997361801565, -0.00046679977094754577, -0.000425499863922596, -0.0003841998986899853, -0.0003428999916650355, -0.00030160005553625524, -0.000260300119407475, -0.0002190001541748643, -0.00017770021804608405, -0.0001364002819173038, -9.510036034043878e-05, -5.380042421165854e-05, -1.2500488082878292e-05, 2.8799433493986726e-05, 7.009936962276697e-05, 0.00011139933485537767, 0.00015269927098415792, 0.00019399920711293817, 0.00023529912868980318, 0.00027659907937049866, 0.00031789898639544845, 0.0003591989225242287, 0.00040049885865300894, 0.0004417987656779587, 0.00048309870180673897, 0.0005243986379355192, 0.000565698544960469, 0.0006069985101930797, 0.0006482984172180295, 0.0006895983824506402, 0.00073089828947559, 0.0007721981965005398, 0.0008134981035254896, 0.0008547980687581003, 0.0008960979757830501, 0.0009373979410156608, 0.0009786979062482715, 0.0010199977550655603, 0.001061297720298171, 0.0011025976855307817]}, "gradients/conv1.bias": {"_type": "histogram", "values": [1.0, 0.0, 0.0, 0.0, 0.0, 0.0, 0.0, 0.0, 0.0, 0.0, 0.0, 0.0, 0.0, 0.0, 0.0, 0.0, 0.0, 0.0, 0.0, 0.0, 0.0, 1.0, 1.0, 0.0, 0.0, 0.0, 1.0, 1.0, 0.0, 1.0, 0.0, 0.0, 0.0, 1.0, 0.0, 1.0, 0.0, 0.0, 0.0, 0.0, 0.0, 0.0, 0.0, 0.0, 0.0, 1.0, 0.0, 0.0, 2.0, 0.0, 0.0, 0.0, 0.0, 0.0, 0.0, 0.0, 0.0, 1.0, 0.0, 0.0, 0.0, 0.0, 0.0, 1.0], "bins": [-0.0004122856189496815, -0.0004071556031703949, -0.00040202561649493873, -0.0003968956007156521, -0.00039176561404019594, -0.0003866355982609093, -0.00038150561158545315, -0.00037637559580616653, -0.00037124560913071036, -0.00036611559335142374, -0.0003609856066759676, -0.00035585559089668095, -0.0003507256042212248, -0.00034559558844193816, -0.000340465601766482, -0.00033533558598719537, -0.0003302055993117392, -0.0003250755835324526, -0.0003199455968569964, -0.0003148155810777098, -0.00030968559440225363, -0.000304555578622967, -0.00029942559194751084, -0.0002942955761682242, -0.0002891655603889376, -0.00028403554460965097, -0.0002789055579341948, -0.0002737755421549082, -0.000268645555479452, -0.0002635155397001654, -0.0002583855530247092, -0.0002532555372454226, -0.0002481255796737969, -0.0002429955784464255, -0.0002378655772190541, -0.0002327355759916827, -0.00022760557476431131, -0.00022247557353693992, -0.00021734557230956852, -0.0002122155565302819, -0.0002070855553029105, -0.0002019555540755391, -0.00019682555284816772, -0.00019169555162079632, -0.00018656555039342493, -0.00018143554916605353, -0.0001763055333867669, -0.00017117554671131074, -0.00016604553093202412, -0.00016091552970465273, -0.00015578552847728133, -0.00015065552724990994, -0.00014552552602253854, -0.00014039552479516715, -0.00013526552356779575, -0.00013013550778850913, -0.00012500552111305296, -0.00011987551988568157, -0.00011474551865831017, -0.00010961551743093878, -0.00010448551620356739, -9.935551497619599e-05, -9.422550647286698e-05, -8.909550524549559e-05, -8.396549674216658e-05]}, "gradients/conv1.lin.weight": {"_type": "histogram", "values": [1.0, 0.0, 0.0, 0.0, 0.0, 0.0, 1.0, 1.0, 0.0, 1.0, 0.0, 0.0, 0.0, 0.0, 1.0, 0.0, 0.0, 0.0, 1.0, 3.0, 2.0, 0.0, 2.0, 1.0, 4.0, 6.0, 5.0, 2.0, 6.0, 7.0, 9.0, 10.0, 12.0, 27.0, 26.0, 30.0, 62.0, 95.0, 187.0, 378.0, 864.0, 2443.0, 9782.0, 3632.0, 668.0, 186.0, 80.0, 31.0, 24.0, 10.0, 8.0, 5.0, 4.0, 1.0, 1.0, 4.0, 1.0, 2.0, 1.0, 1.0, 0.0, 0.0, 0.0, 1.0], "bins": [-0.0002813753089867532, -0.0002747942053247243, -0.00026821313076652586, -0.00026163202710449696, -0.00025505092344246805, -0.0002484698488842696, -0.00024188874522224069, -0.000235307656112127, -0.00022872656700201333, -0.00022214547789189965, -0.00021556437422987074, -0.00020898328511975706, -0.00020240219600964338, -0.0001958211068995297, -0.0001892400032375008, -0.0001826589141273871, -0.00017607782501727343, -0.00016949673590715975, -0.00016291563224513084, -0.00015633454313501716, -0.00014975345402490348, -0.0001431723649147898, -0.0001365912612527609, -0.0001300101721426472, -0.0001234290684806183, -0.000116847972094547, -0.00011026688298443332, -0.00010368578659836203, -9.710469748824835e-05, -9.052360110217705e-05, -8.394250471610576e-05, -7.736141560599208e-05, -7.07803264958784e-05, -6.41992301098071e-05, -5.7618140999693424e-05, -5.103704461362213e-05, -4.445595550350845e-05, -3.7874859117437154e-05, -3.1293766369344667e-05, -2.471267362125218e-05, -1.81315845111385e-05, -1.1550491763046011e-05, -4.969398105458822e-06, 1.6116955521283671e-06, 8.192788300220855e-06, 1.4773882867302746e-05, 2.1354975615395233e-05, 2.793606836348772e-05, 3.4517164749559015e-05, 4.10982574976515e-05, 4.767935024574399e-05, 5.4260446631815284e-05, 6.0841535741928965e-05, 6.742263212800026e-05, 7.400372123811394e-05, 8.058481762418523e-05, 8.716591401025653e-05, 9.374701039632782e-05, 0.0001003280995064415, 0.0001069091958925128, 0.00011349028500262648, 0.00012007138138869777, 0.00012665247777476907, 0.00013323356688488275, 0.00013981465599499643]},